Rank,Title,Domestic Gross,Year,is_book,is_book_match_src,is_book_match,imdb_rating,imdb_vote_count,runtime_minutes,movie_genre_raw,movie_release_month,mpaa_rating,distributor,book_avg_rating,book_ratings_count,book_reviews_count,book_page_count,book_series_indicator,book_description_length,goodreads_match_score
1,Star Wars: Episode VII - The Force Awakens,936662225,2015,0,,,7.7,1021587.0,138.0,"Action,Adventure,Sci-Fi",12.0,PG-13,,,,,,,,
2,Avengers: Endgame,858373000,2019,0,,,8.4,1431477.0,181.0,"Action,Adventure,Sci-Fi",4.0,PG-13,Walt Disney Studios Motion Pictures | Fandango at Home,,,,,,,
3,Spider-Man: No Way Home,814866759,2021,0,,,8.1,1007436.0,148.0,"Action,Adventure,Fantasy",12.0,PG-13,Sony Pictures | InterCom | Sony Pictures Motion Picture Group,,,,,,,
4,Avatar,785221649,2009,0,,,7.9,1489182.0,162.0,"Action,Adventure,Fantasy",12.0,PG-13,Fórum Hungary | Disney+,,,,,,,
5,Top Gun: Maverick,718732821,2022,0,,,8.2,849158.0,130.0,"Action,Drama",5.0,PG-13,Paramount Pictures | UIP-Dunafilm,,,,,,,
6,Black Panther,700426566,2018,0,,,7.3,903997.0,134.0,"Action,Adventure,Sci-Fi",2.0,PG-13,Walt Disney Studios Motion Pictures | Disney+,,,,,,,
7,Avatar: The Way of Water,688459501,2022,0,,,7.5,604801.0,192.0,"Action,Adventure,Animation",12.0,PG-13,Walt Disney Pictures | 20th Century Studios | Fórum Hungary | Disney+,,,,,,,
8,Avengers: Infinity War,678815482,2018,0,,,8.4,1358778.0,149.0,"Action,Adventure,Sci-Fi",4.0,PG-13,Warner Bros. Entertainment | Walt Disney Studios Motion Pictures | United International Pictures,,,,,,,
9,Titanic,674354882,1997,0,,,8.0,1383917.0,194.0,"Drama,Romance",12.0,PG-13,Paramount Pictures | InterCom,,,,,,,
10,Jurassic World,653406625,2015,1,wikipedia_raw,Jurassic World (2015),6.9,725599.0,124.0,"Action,Adventure,Sci-Fi",6.0,PG-13,Universal Pictures | UIP-Dunafilm,3.97,1154.0,137.0,448.0,1.0,1176.0,100.0
11,Inside Out 2,652980194,2024,0,,,7.5,246037.0,96.0,"Adventure,Animation,Comedy",6.0,PG,,,,,,,,
12,Deadpool & Wolverine,636745858,2024,0,,,7.5,559548.0,128.0,"Action,Adventure,Comedy",7.0,R,Fórum Hungary | Walt Disney Studios Motion Pictures | Disney+,,,,,,,
13,Barbie,636238421,2023,0,,,6.8,662694.0,114.0,"Adventure,Comedy,Fantasy",7.0,PG-13,Warner Bros. Entertainment | Microsoft Store | InterCom,,,,,,,
14,The Avengers,623357910,2012,0,,,8.0,1550038.0,143.0,"Action,Sci-Fi",4.0,PG-13,Walt Disney Studios Motion Pictures | Disney+,,,,,,,
15,Star Wars: Episode VIII - The Last Jedi,620181382,2017,0,,,6.8,714790.0,152.0,"Action,Adventure,Fantasy",,,,,,,,,,
16,Incredibles 2,608581744,2018,0,,,7.5,367299.0,118.0,"Action,Adventure,Animation",6.0,PG,,,,,,,,
17,The Super Mario Bros. Movie,574934330,2023,0,,,7.0,284801.0,92.0,"Adventure,Animation,Comedy",4.0,PG,,,,,,,,
18,The Lion King,543638043,2019,0,,,6.8,290477.0,118.0,"Adventure,Animation,Drama",7.0,PG,Walt Disney Studios Motion Pictures,,,,,,,
19,The Dark Knight,534987076,2008,0,,,9.1,3144484.0,152.0,"Action,Crime,Drama",7.0,PG-13,Warner Bros. Entertainment | Netflix,,,,,,,
20,Rogue One: A Star Wars Story,533539991,2016,0,,,7.8,750984.0,133.0,"Action,Adventure,Sci-Fi",12.0,PG-13,Netflix | Fórum Hungary | Walt Disney Studios Motion Pictures,,,,,,,
21,Star Wars: Episode IX - The Rise of Skywalker,515202542,2019,0,,,6.3,538271.0,141.0,"Action,Adventure,Fantasy",12.0,PG-13,,,,,,,,
22,Beauty and the Beast,504481165,2017,0,,,7.1,357102.0,129.0,"Adventure,Family,Fantasy",3.0,PG,Microsoft Store | Walt Disney Pictures | Netflix,,,,,,,
23,Star Wars: Episode I - The Phantom Menace,487576624,1999,0,,,6.5,921150.0,136.0,"Action,Adventure,Fantasy",5.0,PG,,,,,,,,
24,Finding Dory,486295561,2016,0,,,7.2,331711.0,97.0,"Adventure,Animation,Comedy",6.0,PG,,,,,,,,
25,Frozen II,477373578,2019,0,,,6.8,217313.0,103.0,"Adventure,Animation,Comedy",11.0,PG,,,,,,,,
26,Wicked,474983975,2024,1,adaptation_dataset,Wicked,7.3,226294.0,160.0,"Fantasy,Musical,Romance",10.0,PG,Universal Pictures | UIP-Dunafilm,3.52,913.0,124.0,406.0,1.0,837.0,100.0
27,Star Wars: Episode IV - A New Hope,460998507,1977,0,,,8.6,1561371.0,121.0,"Action,Adventure,Fantasy",,,,,,,,,,
28,Moana 2,460405297,2024,0,,,6.3,123477.0,100.0,"Adventure,Animation,Comedy",11.0,PG,Walt Disney Studios Motion Pictures,,,,,,,
29,Avengers: Age of Ultron,459005868,2015,0,,,7.3,994024.0,141.0,"Action,Adventure,Sci-Fi",4.0,PG-13,Fórum Hungary | Walt Disney Studios Motion Pictures,,,,,,,
30,Black Panther: Wakanda Forever,453829060,2022,0,,,6.6,366415.0,161.0,"Action,Adventure,Drama",11.0,PG-13,Fórum Hungary | Walt Disney Studios Motion Pictures | Disney+,,,,,,,
31,The Dark Knight Rises,448149584,2012,0,,,8.4,1981492.0,164.0,"Action,Crime,Drama",7.0,PG-13,Netflix | InterCom,,,,,,,
32,Shrek 2,444978202,2004,0,,,7.4,551742.0,93.0,"Adventure,Animation,Comedy",5.0,PG,,,,,,,,
33,E.T. the Extra-Terrestrial,439454989,1982,0,,,7.9,469514.0,115.0,"Adventure,Family,Sci-Fi",6.0,PG,Universal Pictures | Netflix,,,,,,,
34,Toy Story 4,434038008,2019,0,,,7.6,311636.0,100.0,"Adventure,Animation,Comedy",6.0,G,,,,,,,,
35,Zootopia 2,428130160,2025,0,,,7.4,93746.0,108.0,"Action,Adventure,Animation",11.0,PG,,,,,,,,
36,Captain Marvel,426829839,2019,0,,,6.7,654683.0,123.0,"Action,Adventure,Sci-Fi",3.0,PG-13,Walt Disney Studios Motion Pictures | Disney+,,,,,,,
37,The Lion King,424979720,1994,0,,,8.5,1250876.0,88.0,"Adventure,Animation,Drama",6.0,G,,,,,,,,
38,The Hunger Games: Catching Fire,424668047,2013,1,wikipedia_raw,The Hunger Games: Catching Fire (2013),7.5,769739.0,146.0,"Action,Adventure,Sci-Fi",11.0,PG-13,Netflix | Fórum Hungary | Xfinity Streampix,4.3,212.0,14.0,439.0,1.0,618.0,100.0
39,A Minecraft Movie,424087780,2025,0,,,5.6,155023.0,101.0,"Action,Adventure,Comedy",3.0,PG,Warner Bros. Pictures,,,,,,,
40,Lilo & Stitch,423778855,2025,0,,,6.7,92321.0,108.0,"Action,Adventure,Comedy",5.0,PG,The Walt Disney Company | Fórum Hungary | Disney+,,,,,,,
41,Pirates of the Caribbean: Dead Man's Chest,423315812,2006,0,,,7.4,821558.0,151.0,"Action,Adventure,Fantasy",7.0,PG-13,Netflix | Fórum Hungary | Disney+,,,,,,,
42,Jurassic World: Fallen Kingdom,417719760,2018,1,wikipedia_raw,Jurassic World: Fallen Kingdom (2018),6.1,378710.0,128.0,"Action,Adventure,Sci-Fi",6.0,PG-13,iTunes | Universal Pictures | Netflix | UIP-Dunafilm,3.97,1154.0,137.0,448.0,1.0,1176.0,100.0
43,Toy Story 3,415004880,2010,0,,,8.3,964010.0,103.0,"Adventure,Animation,Comedy",6.0,G,,,,,,,,
44,Star Wars: Episode III - Revenge of the Sith,414378291,2005,0,,,7.7,915741.0,140.0,"Action,Adventure,Fantasy",5.0,PG-13,,,,,,,,
45,Wonder Woman,412845172,2017,0,,,7.3,733227.0,141.0,"Action,Adventure,Fantasy",5.0,PG-13,Warner Bros. Entertainment | Netflix | InterCom,,,,,,,
46,Doctor Strange in the Multiverse of Madness,411331607,2022,0,,,6.9,540498.0,126.0,"Action,Adventure,Fantasy",5.0,PG-13,Fórum Hungary | Walt Disney Studios Motion Pictures | Disney+,,,,,,,
47,Iron Man 3,409013994,2013,0,,,7.1,960332.0,130.0,"Action,Adventure,Sci-Fi",4.0,PG-13,Paramount Pictures | Walt Disney Studios Motion Pictures,,,,,,,
48,Spider-Man,408524875,2002,0,,,7.4,960601.0,121.0,"Action,Adventure,Sci-Fi",5.0,PG-13,Columbia Pictures | Netflix,,,,,,,
49,Captain America: Civil War,408084349,2016,0,,,7.8,921138.0,147.0,"Action,Sci-Fi",4.0,PG-13,Walt Disney Studios Motion Pictures | Disney+,,,,,,,
50,The Hunger Games,408010692,2012,1,wikipedia_raw,The Hunger Games (2012),7.2,1075781.0,142.0,"Action,Adventure,Sci-Fi",3.0,PG-13,Starz Entertainment | Netflix,4.34,3691.0,103.0,454.0,1.0,834.0,100.0
51,Jurassic Park,407185075,1993,1,wikipedia_raw,Jurassic Park (1993),8.2,1169374.0,127.0,"Action,Adventure,Sci-Fi",6.0,PG-13,iTunes,3.97,1154.0,137.0,448.0,1.0,1176.0,100.0
52,Jumanji: Welcome to the Jungle,404540171,2017,0,,,6.9,498634.0,119.0,"Action,Adventure,Comedy",12.0,PG-13,Columbia Pictures | Netflix | InterCom,,,,,,,
53,Avatar: Fire and Ash,404328306,2025,0,,,7.4,135486.0,197.0,"Action,Adventure,Animation",12.0,PG-13,20th Century Studios,,,,,,,
54,Transformers: Revenge of the Fallen,402111870,2009,0,,,6.0,452294.0,149.0,"Action,Adventure,Sci-Fi",6.0,PG-13,Paramount Pictures | DreamWorks | Netflix | UIP-Dunafilm,,,,,,,
55,Frozen,400953009,2013,0,,,7.4,709287.0,102.0,"Adventure,Animation,Comedy",11.0,PG,,,,,,,,
56,Spider-Man: Far from Home,391283774,2019,0,,,7.3,631899.0,129.0,"Action,Adventure,Comedy",6.0,PG-13,,,,,,,,
57,Guardians of the Galaxy Vol. 2,389813101,2017,0,,,7.6,823580.0,136.0,"Action,Adventure,Comedy",4.0,PG-13,Netflix | Walt Disney Studios Motion Pictures | Disney+,,,,,,,
58,The Lord of the Rings: The Return of the King,386975644,2003,1,adaptation_dataset,The Lord of the Rings: The Return of the King,9.0,2151503.0,201.0,"Adventure,Drama,Fantasy",12.0,PG-13,New Line Cinema,4.59,257.0,18.0,,0.0,0.0,100.0
59,Harry Potter and the Deathly Hallows: Part 2,381884297,2011,1,wikipedia_raw,Harry Potter and the Deathly Hallows – Part 2 (2011),8.1,1038651.0,130.0,"Adventure,Family,Fantasy",7.0,PG-13,,4.62,3535.0,21.0,,1.0,285.0,100.0
60,Spider-Man: Across the Spider-Verse,381593754,2023,0,,,8.5,513194.0,140.0,"Action,Adventure,Animation",5.0,PG,InterCom | Sony Pictures Motion Picture Group,,,,,,,
61,Finding Nemo,380843261,2003,0,,,8.2,1200494.0,100.0,"Adventure,Animation,Comedy",5.0,G,,,,,,,,
62,Jurassic World: Dominion,376851080,2022,1,adaptation_dataset,Jurassic World Dominion,5.6,243758.0,147.0,"Action,Adventure,Sci-Fi",6.0,PG-13,,3.97,1154.0,137.0,448.0,1.0,1176.0,100.0
63,Spider-Man 2,375087840,2004,0,,,7.5,778156.0,127.0,"Action,Adventure,Sci-Fi",6.0,PG-13,Sony Pictures | Netflix | InterCom | Sony Pictures Motion Picture Group | Disney+,,,,,,,
64,The Passion of the Christ,370782930,2004,0,,,7.3,270032.0,127.0,Drama,2.0,R,Netflix | Newmarket Films,,,,,,,
65,Minions: The Rise of Gru,370549695,2022,0,,,6.5,104289.0,87.0,"Adventure,Animation,Comedy",6.0,PG,Universal Pictures | UIP-Dunafilm,,,,,,,
66,The Batman,369801546,2022,0,,,7.8,918511.0,176.0,"Action,Crime,Drama",3.0,PG-13,Universal Pictures | InterCom,,,,,,,
67,The Secret Life of Pets,368623860,2016,0,,,6.5,234354.0,86.0,"Adventure,Animation,Comedy",6.0,PG,Universal Pictures | UIP-Dunafilm,,,,,,,
68,Despicable Me 2,368065385,2013,0,,,7.3,457014.0,98.0,"Adventure,Animation,Comedy",6.0,PG,Universal Pictures,,,,,,,
69,The Jungle Book,364001123,2016,1,wikipedia_raw,The Jungle Book (2016),7.3,304687.0,106.0,"Action,Adventure,Animation",4.0,PG,Netflix | Walt Disney Studios Motion Pictures,4.01,109.0,7.0,,0.0,933.0,100.0
70,Deadpool,363070709,2016,0,,,8.0,1246120.0,108.0,"Action,Comedy,Sci-Fi",2.0,R,20th Century Studios | Netflix | InterCom,,,,,,,
71,Despicable Me 4,361004205,2024,0,,,6.2,77225.0,94.0,"Adventure,Animation,Comedy",6.0,PG,,,,,,,,
72,Guardians of the Galaxy Vol. 3,358995815,2023,0,,,7.9,465430.0,150.0,"Action,Adventure,Comedy",5.0,PG-13,Fórum Hungary | Disney Platform Distribution | Disney+,,,,,,,
73,Inside Out,356461711,2015,0,,,8.1,907243.0,95.0,"Adventure,Animation,Comedy",6.0,PG,,,,,,,,
74,Aladdin,355559216,2019,0,,,6.9,313080.0,128.0,"Adventure,Comedy,Family",5.0,PG,Microsoft Store | Walt Disney Studios Motion Pictures | Disney+,,,,,,,
75,Superman,354223803,2025,0,,,7.0,395167.0,129.0,"Action,Adventure,Sci-Fi",7.0,PG-13,Warner Bros. Entertainment | InterCom,,,,,,,
76,Furious 7,353007020,2015,0,,,7.1,437890.0,137.0,"Action,Thriller",4.0,PG-13,Microsoft Store | Netflix | UIP-Dunafilm,,,,,,,
77,Transformers: Dark of the Moon,352390543,2011,0,,,6.2,454031.0,154.0,"Action,Adventure,Comedy",6.0,PG-13,Paramount Pictures | Netflix | UIP-Dunafilm,,,,,,,
78,American Sniper,350159020,2014,0,,,7.3,566422.0,133.0,"Action,Biography,Drama",12.0,R,Warner Bros. Entertainment | Netflix,,,,,,,
79,The Lord of the Rings: The Two Towers,350104956,2002,1,wikipedia_raw,The Lord of the Rings: The Two Towers (2002),8.8,1944405.0,179.0,"Adventure,Drama,Fantasy",12.0,PG-13,New Line Cinema,4.59,257.0,18.0,,0.0,,100.0
80,Thor: Love and Thunder,343256830,2022,0,,,6.1,456456.0,118.0,"Action,Adventure,Comedy",7.0,PG-13,Fórum Hungary | Walt Disney Studios Motion Pictures,,,,,,,
81,Wicked: For Good,342915090,2025,1,wikipedia_raw,Wicked: For Good (2025),6.7,60096.0,137.0,"Drama,Family,Fantasy",11.0,PG,Universal Pictures | UIP-Dunafilm,3.52,913.0,124.0,406.0,1.0,837.0,100.0
82,Zootopia,341268248,2016,0,,,8.0,626232.0,108.0,"Action,Adventure,Animation",2.0,PG,,,,,,,,
83,Jurassic World: Rebirth,339640400,2025,1,wikipedia_raw,Jurassic World Rebirth (2025),5.8,188049.0,133.0,"Action,Adventure,Sci-Fi",7.0,PG-13,,3.97,1154.0,137.0,448.0,1.0,1176.0,100.0
84,Spider-Man 3,338032318,2007,0,,,6.3,694770.0,139.0,"Action,Adventure,Sci-Fi",5.0,PG-13,Sony Pictures | Netflix | InterCom | Disney+,,,,,,,
85,The Hunger Games: Mockingjay - Part 1,337135885,2014,1,wikipedia_raw,The Hunger Games: Mockingjay - Part 1 (2014),6.6,543020.0,123.0,"Action,Adventure,Sci-Fi",11.0,PG-13,,4.03,4911.0,57.0,455.0,1.0,827.0,100.0
86,Minions,336045770,2015,0,,,6.4,282473.0,91.0,"Adventure,Animation,Comedy",6.0,PG,Universal Pictures | Netflix,,,,,,,
87,Joker,335477657,2019,0,,,8.3,1679945.0,122.0,"Crime,Drama,Thriller",10.0,R,Warner Bros. Entertainment | InterCom,,,,,,,
88,Aquaman,335104314,2018,0,,,6.8,550947.0,143.0,"Action,Adventure,Fantasy",12.0,PG-13,Netflix | InterCom | Warner Bros. Pictures,,,,,,,
89,Spider-Man: Homecoming,334952829,2017,0,,,7.4,790045.0,133.0,"Action,Adventure,Sci-Fi",7.0,PG-13,Sony Pictures | Netflix | InterCom,,,,,,,
90,Alice in Wonderland,334191110,2010,0,,,6.4,466007.0,108.0,"Adventure,Family,Fantasy",3.0,,Netflix | Fórum Hungary,,,,,,,
91,Guardians of the Galaxy,333718600,2014,0,,,8.0,1356172.0,121.0,"Action,Adventure,Comedy",7.0,PG-13,Netflix | Fórum Hungary,,,,,,,
92,Forrest Gump,330455270,1994,1,wikipedia_raw,Forrest Gump (1994),8.8,2479175.0,142.0,"Drama,Romance",6.0,PG-13,,4.06,1555.0,105.0,318.0,1.0,718.0,100.0
93,Batman v Superman: Dawn of Justice,330360194,2016,0,,,6.4,788850.0,151.0,"Action,Adventure,Sci-Fi",3.0,PG-13,Warner Bros. Entertainment | Netflix | InterCom,,,,,,,
94,Oppenheimer,330078895,2023,0,,,8.2,1010759.0,180.0,"Biography,Drama,History",7.0,R,Universal Pictures | UIP-Dunafilm | HBO Max,,,,,,,
95,It,328874981,2017,0,,,7.3,690399.0,135.0,Horror,9.0,R,New Line Cinema | Warner Bros. Entertainment,,,,,,,
96,The Lord of the Rings: The Fellowship of the Ring,325873309,2001,1,wikipedia_raw,The Lord of the Rings: The Fellowship of the Ring (2001),8.9,2192724.0,178.0,"Adventure,Drama,Fantasy",12.0,PG-13,New Line Cinema,4.59,257.0,18.0,,0.0,,100.0
97,Suicide Squad,325100054,2016,0,,,5.9,756864.0,123.0,"Action,Adventure,Fantasy",8.0,PG-13,Warner Bros. Entertainment | Netflix | InterCom,,,,,,,
98,Deadpool 2,324591735,2018,0,,,7.6,739947.0,119.0,"Action,Adventure,Comedy",5.0,R,20th Century Studios | Disney+,,,,,,,
99,Shrek the Third,322719944,2007,0,,,6.1,358651.0,93.0,"Adventure,Animation,Comedy",5.0,PG,,,,,,,,
100,Jumanji: The Next Level,320314960,2019,0,,,6.6,316722.0,123.0,"Action,Adventure,Comedy",12.0,PG-13,InterCom | Sony Pictures Motion Picture Group,,,,,,,
101,Harry Potter and the Sorcerer's Stone,319765078,2001,0,,,7.7,945295.0,152.0,"Adventure,Family,Fantasy",11.0,PG,,,,,,,,
102,Transformers,319246193,2007,0,,,7.1,715078.0,144.0,"Action,Adventure,Sci-Fi",6.0,PG-13,Paramount Pictures | DreamWorks,,,,,,,
103,Iron Man,319034126,2008,0,,,7.9,1216121.0,126.0,"Action,Adventure,Sci-Fi",4.0,PG-13,Paramount Pictures | Walt Disney Studios Motion Pictures | Disney+,,,,,,,
104,Indiana Jones and the Kingdom of the Crystal Skull,317101119,2008,0,,,6.2,512341.0,122.0,"Action,Adventure",5.0,PG-13,Paramount Pictures | Disney+,,,,,,,
105,Star Wars: Episode VI - Return of the Jedi,316566101,1983,0,,,8.3,1202909.0,131.0,"Action,Adventure,Fantasy",,,,,,,,,,
106,Thor: Ragnarok,315058289,2017,0,,,7.9,888698.0,130.0,"Action,Adventure,Comedy",10.0,PG-13,Netflix | Walt Disney Studios Motion Pictures,,,,,,,
107,Iron Man 2,312433331,2010,0,,,6.9,931927.0,124.0,"Action,Sci-Fi",4.0,PG-13,Paramount Pictures | Walt Disney Studios Motion Pictures | Disney+,,,,,,,
108,Star Wars: Episode II - Attack of the Clones,310676740,2002,0,,,6.6,815709.0,142.0,"Action,Adventure,Fantasy",5.0,NR,,,,,,,,
109,Pirates of the Caribbean: At World's End,309420425,2007,0,,,7.2,740160.0,169.0,"Action,Adventure,Fantasy",5.0,PG-13,iTunes | Netflix | Fórum Hungary | Disney+,,,,,,,
110,The Super Mario Galaxy Movie,308117135,2026,0,,,,,98.0,"Adventure,Animation,Comedy",4.0,PG,,,,,,,,
111,Independence Day,306169268,1996,0,,,7.0,643974.0,145.0,"Action,Adventure,Sci-Fi",6.0,PG-13,20th Century Studios | Netflix | Disney+,,,,,,,
112,Pirates of the Caribbean: The Curse of the Black Pearl,305413918,2003,0,,,8.1,1315923.0,143.0,"Action,Adventure,Fantasy",7.0,PG-13,Netflix | InterCom | Disney+,,,,,,,
113,Skyfall,304360277,2012,0,,,7.8,769506.0,143.0,"Action,Adventure,Thriller",10.0,PG-13,Netflix | Fórum Hungary,,,,,,,
114,The Hobbit: An Unexpected Journey,303030651,2012,1,wikipedia_raw,The Hobbit: An Unexpected Journey (2012),7.8,923850.0,169.0,"Adventure,Fantasy",12.0,PG-13,Netflix | Fórum Hungary,4.25,7733.0,762.0,306.0,1.0,1859.0,100.0
115,Harry Potter and the Half-Blood Prince,302334374,2009,1,wikipedia_raw,Harry Potter and the Half-Blood Prince (2009),7.6,655251.0,153.0,"Action,Adventure,Family",7.0,PG,Warner Bros. Entertainment | Netflix | InterCom,4.54,10.0,1.0,,1.0,459.0,100.0
116,The Twilight Saga: Eclipse,300840764,2010,1,wikipedia_raw,The Twilight Saga: Eclipse (2010),5.1,280054.0,124.0,"Action,Adventure,Drama",6.0,PG-13,Summit Entertainment | Netflix | Fórum Hungary,3.69,237.0,7.0,,1.0,492.0,100.0
117,The Twilight Saga: New Moon,298410482,2009,1,wikipedia_raw,The Twilight Saga: New Moon (2009),4.8,320563.0,130.0,"Adventure,Drama,Fantasy",11.0,PG-13,Summit Entertainment | Netflix | Fórum Hungary,3.52,398.0,23.0,,1.0,383.0,100.0
118,The Little Mermaid,298172056,2023,0,,,7.2,177705.0,135.0,"Adventure,Family,Fantasy",5.0,PG,Fórum Hungary | Walt Disney Studios Motion Pictures,,,,,,,
119,Harry Potter and the Deathly Hallows: Part 1,296374621,2010,1,wikipedia_raw,Harry Potter and the Deathly Hallows – Part 1 (2010),7.7,659638.0,146.0,"Adventure,Family,Fantasy",11.0,PG-13,,4.62,3535.0,21.0,,1.0,285.0,100.0
120,Beetlejuice Beetlejuice,294100435,2024,0,,,6.6,171923.0,105.0,"Comedy,Fantasy,Horror",9.0,PG-13,Warner Bros. Entertainment | InterCom | Warner Bros. Pictures,,,,,,,
121,The Sixth Sense,293506292,1999,0,,,8.2,1137822.0,107.0,"Drama,Mystery,Thriller",8.0,PG-13,Touchstone Pictures | Netflix,,,,,,,
122,The Twilight Saga: Breaking Dawn - Part 2,293144686,2012,1,wikipedia_raw,The Twilight Saga: Breaking Dawn – Part 2 (2012),5.6,280824.0,115.0,"Adventure,Drama,Fantasy",11.0,PG-13,,3.7,318.0,104.0,640.0,1.0,898.0,100.0
123,Up,293004164,2009,0,,,8.3,1227571.0,96.0,"Adventure,Animation,Comedy",5.0,PG,,,,,,,,
124,Star Wars: Episode V - The Empire Strikes Back,292753960,1980,0,,,8.7,1496203.0,124.0,"Action,Adventure,Fantasy",,,,,,,,,,
125,Inception,292587330,2010,0,,,8.8,2795316.0,148.0,"Action,Adventure,Sci-Fi",7.0,PG-13,Netflix | InterCom,,,,,,,
126,Harry Potter and the Order of the Phoenix,292382727,2007,1,wikipedia_raw,Harry Potter and the Order of the Phoenix (2007),7.5,695142.0,138.0,"Action,Adventure,Family",7.0,PG-13,Warner Bros. Entertainment,4.47,20.0,1.0,,1.0,462.0,100.0
127,The Chronicles of Narnia: The Lion the Witch and the Wardrobe,291710957,2005,1,wikipedia_raw,"The Chronicles of Narnia: The Lion, the Witch and the Wardrobe (2005)",6.9,455945.0,143.0,"Adventure,Family,Fantasy",12.0,PG,,4.19,19.0,4.0,,1.0,522.0,100.0
128,Harry Potter and the Goblet of Fire,291239805,2005,1,wikipedia_raw,Harry Potter and the Goblet of Fire (2005),7.7,747652.0,157.0,"Adventure,Family,Fantasy",11.0,PG-13,Warner Bros. Entertainment | Netflix,4.53,3314.0,53.0,,1.0,683.0,100.0
129,Man of Steel,291045518,2013,0,,,7.1,863191.0,143.0,"Action,Adventure,Sci-Fi",6.0,PG-13,Warner Bros. Entertainment | Netflix,,,,,,,
130,Monsters Inc.,290642256,2001,0,,,8.1,1067760.0,92.0,"Adventure,Animation,Comedy",11.0,G,,,,,,,,
131,Home Alone,285761243,1990,0,,,7.8,739737.0,103.0,"Comedy,Family",11.0,PG,MOKÉP | Disney+,,,,,,,
132,Dune: Part Two,282144358,2024,1,adaptation_dataset,Dune: Part Two,8.4,722124.0,166.0,"Action,Adventure,Drama",2.0,PG-13,Warner Bros. Entertainment | Universal Pictures | InterCom | Warner Bros. Pictures,4.2,8271.0,266.0,,1.0,564.0,100.0
133,The Twilight Saga: Breaking Dawn - Part 1,281797623,2011,1,wikipedia_raw,The Twilight Saga: Breaking Dawn – Part 1 (2011),5.0,271850.0,117.0,"Adventure,Drama,Fantasy",11.0,PG-13,,3.7,318.0,104.0,640.0,1.0,898.0,100.0
134,The Hunger Games: Mockingjay - Part 2,281723902,2015,1,wikipedia_raw,The Hunger Games: Mockingjay - Part 2 (2015),6.6,411101.0,137.0,"Action,Adventure,Sci-Fi",11.0,PG-13,,4.03,4911.0,57.0,455.0,1.0,827.0,100.0
135,The Matrix Reloaded,281576461,2003,0,,,7.2,667713.0,138.0,"Action,Sci-Fi",5.0,R,Warner Bros. Entertainment | Netflix,,,,,,,
136,Jaws,280083300,1975,1,wikipedia_raw,Jaws (1975),8.1,732747.0,124.0,"Adventure,Horror,Thriller",6.0,PG,Universal Pictures | Netflix,3.96,867.0,134.0,309.0,1.0,281.0,100.0
137,Sinners,279989632,2025,0,,,7.5,423508.0,137.0,"Action,Drama,Horror",4.0,R,InterCom | Warner Bros. Pictures,,,,,,,
138,Meet the Fockers,279261160,2004,0,,,6.4,301212.0,115.0,"Comedy,Romance",12.0,PG-13,Universal Pictures | DreamWorks | Netflix | UIP-Dunafilm,,,,,,,
139,The Hangover,277339746,2009,0,,,7.7,923052.0,100.0,Comedy,6.0,R,Warner Bros. Entertainment | Microsoft Store | Netflix,,,,,,,
140,The Fantastic Four: First Steps,274286610,2025,0,,,6.8,251770.0,115.0,"Action,Adventure,Sci-Fi",7.0,PG-13,Fórum Hungary,,,,,,,
141,Gravity,274092705,2013,0,,,7.7,896581.0,91.0,"Drama,Sci-Fi,Thriller",10.0,PG-13,iTunes | Warner Bros. Entertainment,,,,,,,
142,The Grinch,272504456,2018,0,,,6.4,113221.0,85.0,"Animation,Comedy,Family",11.0,PG,Universal Pictures | Netflix | UIP-Dunafilm,,,,,,,
143,Sing,270578425,2016,0,,,7.1,211022.0,108.0,"Animation,Comedy,Family",11.0,PG,,,,,,,,
144,Shrek,268698241,2001,0,,,7.9,805281.0,90.0,"Adventure,Animation,Comedy",5.0,PG,,,,,,,,
145,Monsters University,268492764,2013,0,,,7.2,422051.0,104.0,"Adventure,Animation,Comedy",6.0,G,Netflix | Fórum Hungary,,,,,,,
146,Twisters,267762265,2024,0,,,6.5,192602.0,122.0,"Action,Adventure,Thriller",7.0,PG-13,Universal Pictures | InterCom | Warner Bros. Pictures,,,,,,,
147,How the Grinch Stole Christmas,264965545,2000,0,,,6.4,332030.0,104.0,"Comedy,Family,Fantasy",11.0,PG,,,,,,,,
148,Despicable Me 3,264624300,2017,0,,,6.3,179000.0,89.0,"Adventure,Animation,Comedy",6.0,PG,,,,,,,,
149,Harry Potter and the Chamber of Secrets,263094348,2002,1,wikipedia_raw,Harry Potter and the Chamber of Secrets (2002),7.5,761243.0,161.0,"Adventure,Family,Fantasy",11.0,PG,Warner Bros. Entertainment | Netflix,4.38,3528.0,30.0,,1.0,967.0,100.0
150,How to Train Your Dragon,262958100,2025,0,,,7.7,127788.0,125.0,"Action,Adventure,Comedy",6.0,PG,Universal Pictures | UIP-Dunafilm,,,,,,,
151,The Amazing Spider-Man,262782352,2012,0,,,6.9,759198.0,136.0,"Action,Sci-Fi",6.0,PG-13,Columbia Pictures | Netflix,,,,,,,
152,The Incredibles,261441092,2004,0,,,8.0,893908.0,115.0,"Action,Adventure,Animation",10.0,PG,,,,,,,,
153,Captain America: The Winter Soldier,259766572,2014,0,,,7.7,966298.0,136.0,"Action,Adventure,Sci-Fi",3.0,PG-13,Walt Disney Studios Motion Pictures | Disney+,,,,,,,
154,The Hobbit: The Desolation of Smaug,258387334,2013,1,wikipedia_raw,The Hobbit: The Desolation of Smaug (2013),7.8,750474.0,161.0,"Adventure,Fantasy",12.0,PG-13,Warner Bros. Entertainment | Netflix,4.25,7733.0,762.0,306.0,1.0,1859.0,100.0
155,The Lego Movie,257966122,2014,0,,,7.7,413157.0,100.0,"Action,Adventure,Animation",2.0,PG,,,,,,,,
156,Star Trek,257730019,2009,0,,,7.9,637015.0,127.0,"Action,Adventure,Sci-Fi",5.0,PG-13,Q866 | iTunes | Paramount Pictures | Netflix,,,,,,,
157,Project Hail Mary,256657974,2026,1,wikipedia_raw,Project Hail Mary (2026),,,156.0,"Drama,Sci-Fi,Thriller",3.0,PG-13,Metro-Goldwyn-Mayer | InterCom | Eagle Pictures,4.51,1377860.0,192984.0,476.0,0.0,268.0,
158,I Am Legend,256393010,2007,1,wikipedia_raw,I Am Legend (2007),7.2,872155.0,101.0,"Drama,Horror,Sci-Fi",12.0,PG-13,Netflix | InterCom,3.99,1761.0,79.0,,0.0,214.0,100.0
159,The Blind Side,255982860,2009,0,,,7.6,384953.0,129.0,"Biography,Drama,Sport",11.0,PG-13,Warner Bros. Entertainment | Netflix,,,,,,,
160,The Hobbit: The Battle of the Five Armies,255138261,2014,1,adaptation_dataset,The Hobbit: The Battle of the Five Armies,7.4,614733.0,144.0,"Adventure,Fantasy",12.0,PG-13,Warner Bros. Entertainment | Netflix,4.25,7733.0,762.0,306.0,1.0,1859.0,100.0
161,Mufasa: The Lion King,254567693,2024,0,,,6.6,81328.0,118.0,"Adventure,Animation,Drama",12.0,PG,,,,,,,,
162,The Hangover Part II,254464305,2011,0,,,6.5,574325.0,102.0,Comedy,5.0,R,Warner Bros. Entertainment | Netflix,,,,,,,
163,Despicable Me,251683815,2010,0,,,7.6,628971.0,95.0,"Adventure,Animation,Comedy",7.0,PG,,,,,,,,
164,Batman,251409241,1989,0,,,7.5,430464.0,126.0,"Action,Adventure",6.0,PG-13,Warner Bros. Entertainment | Netflix,,,,,,,
165,Night at the Museum,250863268,2006,0,,,6.5,407186.0,108.0,"Adventure,Comedy,Family",12.0,PG,Netflix | InterCom | Disney+,,,,,,,
166,Men in Black,250690539,1997,0,,,7.3,660425.0,98.0,"Action,Adventure,Comedy",7.0,PG-13,Columbia Pictures | Netflix,,,,,,,
167,Harry Potter and the Prisoner of Azkaban,250657586,2016,0,,,,,,,5.0,PG,,,,,,,,
168,Moana,248757044,2016,0,,,7.6,437166.0,107.0,"Adventure,Animation,Comedy",10.0,PG,,,,,,,,
169,Raiders of the Lost Ark,248159971,1981,0,,,8.4,1105569.0,115.0,"Action,Adventure",6.0,PG,Paramount Pictures | Netflix | MOKÉP | Disney+,,,,,,,
170,Toy Story 2,245852179,1999,0,,,7.9,665651.0,92.0,"Adventure,Animation,Comedy",10.0,G,,,,,,,,
171,Transformers: Age of Extinction,245439076,2014,0,,,5.6,348278.0,165.0,"Action,Adventure,Comedy",6.0,PG-13,Paramount Pictures | Netflix,,,,,,,
172,Cars,244082982,2006,0,,,7.3,530099.0,116.0,"Adventure,Animation,Comedy",6.0,G,Netflix | Fórum Hungary,,,,,,,
173,Ghostbusters,243640120,1984,0,,,7.8,484913.0,105.0,"Action,Comedy,Fantasy",6.0,PG,Netflix | InterCom,,,,,,,
174,Bruce Almighty,242829261,2003,0,,,6.8,467502.0,101.0,"Comedy,Fantasy",5.0,PG-13,Universal Pictures | Netflix | Disney+,,,,,,,
175,Twister,241830615,1996,0,,,6.6,250777.0,113.0,"Action,Adventure,Thriller",5.0,PG-13,Warner Bros. Entertainment | Netflix,,,,,,,
176,My Big Fat Greek Wedding,241438208,2002,0,,,6.6,150858.0,95.0,"Comedy,Drama,Romance",4.0,PG,IFC Films,,,,,,,
177,Maleficent,241410378,2014,0,,,6.9,422777.0,97.0,"Adventure,Drama,Family",5.0,PG,Netflix | Fórum Hungary | Walt Disney Studios Motion Pictures | Disney+,,,,,,,
178,Pirates of the Caribbean: On Stranger Tides,241071802,2011,1,adaptation_dataset,Pirates of the Caribbean: On Stranger Tides,6.6,604138.0,136.0,"Action,Adventure,Fantasy",5.0,PG-13,Netflix | Fórum Hungary | Disney+,3.86,4715.0,441.0,370.0,0.0,824.0,100.0
179,Shrek Forever After,238736787,2010,0,,,6.3,244136.0,93.0,"Adventure,Animation,Comedy",5.0,PG,,,,,,,,
180,Fast & Furious 6,238679850,2013,0,,,7.0,438381.0,130.0,"Action,Thriller",5.0,PG-13,Microsoft Store | Netflix | UIP-Dunafilm | Xfinity Streampix,,,,,,,
181,Brave,237283207,2012,0,,,7.1,476415.0,93.0,"Action,Adventure,Animation",6.0,PG,,,,,,,,
182,Sonic the Hedgehog 3,236115100,2024,0,,,6.9,78107.0,110.0,"Action,Adventure,Comedy",12.0,PG,Paramount Pictures | UIP-Dunafilm,,,,,,,
183,Oz the Great and Powerful,234911825,2013,1,wikipedia_raw,Oz the Great and Powerful (2013),6.3,221007.0,130.0,"Adventure,Family,Fantasy",3.0,PG,Netflix | Fórum Hungary | Walt Disney Studios Motion Pictures | Disney+,3.98,199.0,13.0,,1.0,389.0,100.0
184,Beverly Hills Cop,234760478,1984,0,,,7.4,231022.0,105.0,"Action,Comedy,Crime",12.0,R,Paramount Pictures | Netflix,,,,,,,
185,X-Men: The Last Stand,234362462,2006,0,,,6.6,570459.0,104.0,"Action,Adventure,Sci-Fi",5.0,PG-13,20th Century Studios | Netflix,,,,,,,
186,War of the Worlds,234280354,2005,1,wikipedia_raw,War of the Worlds (2005),6.6,504873.0,117.0,"Action,Adventure,Sci-Fi",6.0,PG-13,Netflix | UIP-Dunafilm | Disney+ | SkyShowtime,3.8,1777.0,167.0,199.0,0.0,1079.0,100.0
187,Fantastic Beasts and Where to Find Them,234037575,2016,0,,,7.2,538394.0,132.0,"Adventure,Family,Fantasy",11.0,PG-13,Warner Bros. Entertainment | InterCom,,,,,,,
188,X-Men: Days of Future Past,233921534,2014,0,,,7.9,785406.0,132.0,"Action,Adventure,Sci-Fi",5.0,PG-13,20th Century Studios | Netflix | InterCom | Disney+,,,,,,,
189,Cast Away,233632142,2000,0,,,7.8,685923.0,143.0,"Adventure,Drama,Romance",12.0,PG-13,Netflix | UIP-Dunafilm,,,,,,,
190,The Exorcist,233005644,1973,1,wikipedia_raw,The Exorcist (1973),8.1,496075.0,122.0,Horror,12.0,R,Warner Bros. Entertainment | Netflix,4.14,1251.0,99.0,400.0,1.0,839.0,100.0
191,Doctor Strange,232641920,2016,0,,,7.5,874181.0,115.0,"Action,Adventure,Fantasy",10.0,PG-13,Netflix | Walt Disney Studios Motion Pictures,,,,,,,
192,Toy Story,229947062,1995,0,,,8.3,1166239.0,81.0,"Adventure,Animation,Comedy",11.0,G,,,,,,,,
193,The Lost World: Jurassic Park,229086679,1997,1,wikipedia_raw,The Lost World: Jurassic Park (1997),6.6,475747.0,129.0,"Action,Adventure,Sci-Fi",5.0,PG-13,UIP-Dunafilm,3.97,1154.0,137.0,448.0,1.0,1176.0,100.0
194,Justice League,229024295,2017,0,,,6.0,503070.0,120.0,"Action,Adventure,Fantasy",11.0,PG-13,Warner Bros. Entertainment | Netflix | InterCom | HBO Max,,,,,,,
195,Star Trek Into Darkness,228778661,2013,0,,,7.7,509426.0,132.0,"Action,Adventure,Sci-Fi",5.0,PG-13,Paramount Pictures | Netflix | UIP-Dunafilm,,,,,,,
196,The Martian,228433663,2015,1,adaptation_dataset,The Martian,8.0,1000908.0,144.0,"Adventure,Drama,Sci-Fi",9.0,PG-13,iTunes | 20th Century Studios | Netflix,4.39,435440.0,49988.0,369.0,1.0,894.0,100.0
197,Signs,227966634,2002,0,,,6.8,412437.0,106.0,"Drama,Mystery,Sci-Fi",8.0,PG-13,Netflix | InterCom,,,,,,,
198,Hancock,227946274,2008,0,,,6.4,537247.0,92.0,"Action,Comedy,Drama",7.0,PG-13,Netflix | InterCom,,,,,,,
199,The Bourne Ultimatum,227471070,2007,1,wikipedia_raw,The Bourne Ultimatum (2007),8.0,682165.0,115.0,"Action,Mystery,Thriller",8.0,PG-13,Netflix | UIP-Dunafilm,4.08,67553.0,1119.0,725.0,1.0,161.0,
200,Logan,226277068,2017,0,,,8.1,920254.0,137.0,"Action,Drama,Sci-Fi",2.0,R,Microsoft Store | 20th Century Studios | Netflix | InterCom | Disney+,,,,,,,
201,Rush Hour 2,226164286,2001,0,,,6.7,258918.0,90.0,"Action,Comedy,Crime",8.0,PG-13,New Line Cinema | Netflix | InterCom,,,,,,,
202,The Fate of the Furious,226008385,2017,0,,,6.6,272852.0,136.0,"Action,Crime,Thriller",4.0,PG-13,Microsoft Store | Universal Pictures | UIP-Dunafilm | United International Pictures | Xfinity Streampix,,,,,,,
203,Shang-Chi and the Legend of the Ten Rings,224543292,2021,0,,,7.3,484602.0,132.0,"Action,Adventure,Fantasy",9.0,PG-13,Fórum Hungary | Walt Disney Studios Motion Pictures | Disney+,,,,,,,
204,WALL·E,223808164,2008,0,,,8.4,1311456.0,98.0,"Adventure,Animation,Family",6.0,G,,,,,,,,
205,Big Hero 6,222527828,2014,0,,,7.8,549872.0,102.0,"Action,Adventure,Animation",10.0,PG,,,,,,,,
206,Back to the Future,222476852,1985,0,,,8.5,1442118.0,116.0,"Adventure,Comedy,Sci-Fi",7.0,PG,Universal Pictures | Netflix | Ivi.ru,,,,,,,
207,Mission: Impossible - Fallout,220159104,2018,0,,,7.7,417693.0,147.0,"Action,Adventure,Thriller",7.0,PG-13,,,,,,,,
208,National Treasure: Book of Secrets,219964115,2007,0,,,6.5,266227.0,124.0,"Action,Adventure,Mystery",12.0,PG,Netflix | Fórum Hungary | Disney+,,,,,,,
209,Alvin and the Chipmunks: The Squeakquel,219614612,2009,0,,,4.6,60410.0,88.0,"Adventure,Animation,Comedy",12.0,PG,Netflix | InterCom | Disney+,,,,,,,
210,Mrs. Doubtfire,219195243,1993,1,wikipedia_raw,Mrs. Doubtfire (1993),7.1,314127.0,125.0,"Comedy,Drama,Family",11.0,PG-13,Netflix | InterCom | Disney+,3.62,1745.0,85.0,192.0,0.0,527.0,100.0
211,Beauty and the Beast,218967620,1991,0,,,8.0,503518.0,84.0,"Animation,Family,Fantasy",10.0,G,,,,,,,,
212,Ted,218815487,2012,0,,,6.9,706271.0,106.0,Comedy,6.0,R,Netflix | UIP-Dunafilm,,,,,,,
213,Wonka,218402312,2023,1,adaptation_dataset,Wonka,6.9,191530.0,116.0,"Adventure,Comedy,Family",12.0,PG,Warner Bros. Entertainment | InterCom | Warner Bros. Pictures,4.11,975.0,66.0,161.0,1.0,771.0,100.0
214,King Kong,218080025,2005,0,,,7.2,468914.0,187.0,"Action,Adventure,Romance",12.0,PG-13,Universal Pictures,,,,,,,
215,Ghost,217631306,1990,0,,,7.1,255317.0,126.0,"Drama,Fantasy,Romance",7.0,PG-13,Netflix | UIP-Dunafilm,,,,,,,
216,How to Train Your Dragon,217581231,2010,0,,,8.1,887218.0,98.0,"Action,Adventure,Animation",3.0,PG,,,,,,,,
217,The Da Vinci Code,217536138,2006,1,adaptation_dataset,The Da Vinci Code,6.7,484126.0,149.0,"Mystery,Thriller",5.0,PG-13,InterCom,3.79,695.0,135.0,632.0,1.0,1119.0,100.0
218,Aladdin,217350219,1992,0,,,8.0,498264.0,90.0,"Adventure,Animation,Comedy",11.0,G,,,,,,,,
219,Alvin and the Chipmunks,217326974,2007,0,,,5.3,104539.0,92.0,"Adventure,Animation,Comedy",12.0,PG,Netflix | InterCom | Disney+,,,,,,,
220,Saving Private Ryan,217049603,1998,0,,,8.6,1628080.0,169.0,"Drama,War",7.0,R,Paramount Pictures | DreamWorks | UIP-Dunafilm,,,,,,,
221,Bohemian Rhapsody,216668042,2018,0,,,7.9,641074.0,134.0,"Biography,Drama,Music",10.0,PG-13,Netflix | Walt Disney Studios Motion Pictures | Disney+,,,,,,,
222,Ant-Man and the Wasp,216648740,2018,0,,,7.0,491547.0,118.0,"Action,Adventure,Comedy",7.0,PG-13,Walt Disney Studios Motion Pictures,,,,,,,
223,Madagascar 3: Europe's Most Wanted,216391482,2012,0,,,6.8,215821.0,93.0,"Adventure,Animation,Comedy",6.0,PG,,,,,,,,
224,Kung Fu Panda,216064546,2008,0,,,7.6,575090.0,92.0,"Action,Adventure,Animation",6.0,PG,,,,,,,,
225,Mission: Impossible II,215409889,2000,0,,,6.1,412145.0,123.0,"Action,Adventure,Thriller",5.0,PG-13,,,,,,,,
226,A Star Is Born,215333122,2018,0,,,7.6,446987.0,136.0,"Drama,Music,Romance",10.0,R,Warner Bros. Entertainment | Netflix,,,,,,,
227,X2: X-Men United,214949694,2003,0,,,7.4,609712.0,134.0,"Action,Sci-Fi,Thriller",,,,,,,,,,
228,Ant-Man and the Wasp: Quantumania,214504909,2023,0,,,6.0,266913.0,124.0,"Action,Adventure,Comedy",2.0,PG-13,Fórum Hungary | Walt Disney Studios Motion Pictures | The Walt Disney Company France | Disney+,,,,,,,
229,The Lorax,214494550,2012,0,,,6.4,142944.0,86.0,"Adventure,Animation,Comedy",3.0,PG,,,,,,,,
230,Solo: A Star Wars Story,213767512,2018,0,,,6.9,406936.0,135.0,"Action,Adventure,Sci-Fi",5.0,PG-13,Walt Disney Studios Motion Pictures | Disney+,,,,,,,
231,Venom: Let There Be Carnage,213550366,2021,0,,,5.9,301458.0,97.0,"Action,Adventure,Crime",9.0,PG-13,InterCom,,,,,,,
232,Venom,213515506,2018,0,,,6.6,602588.0,112.0,"Action,Adventure,Sci-Fi",9.0,PG-13,Netflix | InterCom | Sony Pictures Releasing,,,,,,,
233,Austin Powers in Goldmember,213307889,2002,0,,,6.3,233924.0,94.0,"Action,Adventure,Comedy",7.0,PG-13,Netflix | InterCom,,,,,,,
234,It: Chapter Two,211622525,2019,1,adaptation_dataset,It Chapter Two,6.5,351702.0,169.0,"Drama,Fantasy,Horror",9.0,R,New Line Cinema | Warner Bros. Entertainment | InterCom,4.24,1288572.0,44721.0,1184.0,0.0,140.0,0.0
235,300,210629101,2007,0,,,7.6,908848.0,117.0,"Action,Drama",3.0,R,Warner Bros. Entertainment | Netflix | InterCom,,,,,,,
236,Coco,210460015,2017,0,,,8.4,698963.0,105.0,"Adventure,Animation,Drama",10.0,PG,,,,,,,,
237,Fast Five,209837675,2011,0,,,7.3,431468.0,130.0,"Action,Crime,Thriller",4.0,PG-13,Microsoft Store | Universal Pictures | UIP-Dunafilm | Xfinity Streampix,,,,,,,
238,Mission: Impossible - Ghost Protocol,209397903,2011,0,,,7.4,563361.0,132.0,"Action,Adventure,Thriller",12.0,PG-13,,,,,,,,
239,Wedding Crashers,209273411,2005,0,,,7.0,396340.0,119.0,"Comedy,Romance",7.0,R,Netflix | InterCom,,,,,,,
240,Sherlock Holmes,209028679,2009,0,,,7.5,704250.0,128.0,"Action,Adventure,Mystery",12.0,PG-13,Netflix | InterCom,,,,,,,
241,Dawn of the Planet of the Apes,208545589,2014,1,wikipedia_raw,Dawn of the Planet of the Apes (2014),7.6,509665.0,130.0,"Action,Adventure,Drama",7.0,PG-13,Netflix | InterCom,3.91,304.0,45.0,128.0,1.0,1124.0,100.0
242,Batman Begins,206863479,2005,0,,,8.2,1703082.0,140.0,"Action,Crime,Drama",6.0,PG-13,Netflix | InterCom,,,,,,,
243,Charlie and the Chocolate Factory,206459076,2005,1,wikipedia_raw,Charlie and the Chocolate Factory (2005),6.7,568361.0,115.0,"Adventure,Comedy,Family",7.0,PG,Warner Bros. Entertainment | Netflix | InterCom | Warner Bros. Pictures,4.11,975.0,66.0,161.0,1.0,771.0,100.0
244,Ratatouille,206445654,2007,0,,,8.1,934564.0,111.0,"Adventure,Animation,Comedy",6.0,G,,,,,,,,
245,Thor: The Dark World,206362140,2013,0,,,6.7,773194.0,112.0,"Action,Adventure,Fantasy",10.0,PG-13,Walt Disney Studios Motion Pictures | Disney+,,,,,,,
246,Bad Boys for Life,206305244,2020,0,,,6.5,196046.0,124.0,"Action,Comedy,Crime",1.0,R,iTunes | InterCom | Sony Pictures Motion Picture Group,,,,,,,
247,Austin Powers: The Spy Who Shagged Me,206040086,1999,0,,,6.7,261732.0,95.0,"Action,Adventure,Comedy",6.0,PG-13,New Line Cinema | Netflix,,,,,,,
248,Terminator 2: Judgment Day,205881154,1991,0,,,8.6,1277127.0,137.0,"Action,Adventure,Sci-Fi",7.0,R,iTunes | TriStar Pictures | Netflix,,,,,,,
249,The Amazing Spider-Man 2,203605622,2014,0,,,6.6,585293.0,142.0,"Action,Adventure,Sci-Fi",4.0,PG-13,Sony Pictures | Netflix,,,,,,,
250,Interstellar,203227580,2014,0,,,8.7,2494574.0,169.0,"Adventure,Drama,Sci-Fi",11.0,PG-13,Netflix | InterCom,,,,,,,
251,World War Z,202807711,2013,0,,,7.0,778619.0,116.0,"Action,Adventure,Horror",6.0,PG-13,Paramount Pictures | Netflix | UIP-Dunafilm,,,,,,,
252,The Mummy Returns,202804895,2001,0,,,6.4,365780.0,130.0,"Action,Adventure,Fantasy",5.0,PG-13,Universal Pictures | Netflix | UIP-Dunafilm,,,,,,,
253,Armageddon,201578182,1998,0,,,6.7,477217.0,151.0,"Action,Adventure,Sci-Fi",7.0,PG-13,Netflix | InterCom | Disney+,,,,,,,
254,Cinderella,201151353,2015,0,,,6.9,204306.0,105.0,"Adventure,Drama,Family",3.0,PG,Netflix | Fórum Hungary | Walt Disney Studios Motion Pictures,,,,,,,
255,Ralph Breaks the Internet,201091711,2018,0,,,7.0,203785.0,112.0,"Adventure,Animation,Comedy",11.0,PG,,,,,,,,
256,Gone with the Wind,200882193,1939,1,wikipedia_raw,Gone with the Wind (1939),8.2,355137.0,238.0,"Drama,Romance,War",12.0,G,Loews Cineplex Entertainment | Netflix | HBO Max,4.28,3159.0,394.0,1037.0,0.0,883.0,100.0
257,Tangled,200821936,2010,0,,,7.7,541346.0,100.0,"Adventure,Animation,Comedy",11.0,PG,,,,,,,,
258,Godzilla,200676069,2014,0,,,6.4,462754.0,123.0,"Action,Adventure,Sci-Fi",5.0,PG-13,Warner Bros. Entertainment | Netflix | InterCom,,,,,,,
259,Captain America: Brave New World,200500001,2025,0,,,5.6,178859.0,118.0,"Action,Adventure,Sci-Fi",2.0,PG-13,Fórum Hungary | Walt Disney Studios Motion Pictures,,,,,,,
260,Superman Returns,200081192,2006,0,,,6.1,302395.0,154.0,"Action,Adventure,Sci-Fi",6.0,PG-13,Netflix | InterCom,,,,,,,
261,Spectre,200074609,2015,0,,,6.8,493864.0,148.0,"Action,Adventure,Thriller",10.0,PG-13,Fórum Hungary | Sony Pictures Releasing,,,,,,,
262,Pearl Harbor,198542554,2001,0,,,6.3,368203.0,183.0,"Action,Drama,Romance",5.0,PG-13,Netflix | InterCom | Disney+,,,,,,,
263,Monsters vs. Aliens,198351526,2009,0,,,6.4,187786.0,94.0,"Action,Adventure,Animation",3.0,PG,,,,,,,,
264,Happy Feet,198000317,2006,0,,,6.4,212858.0,108.0,"Adventure,Animation,Comedy",11.0,PG,Warner Bros. Entertainment | Netflix | InterCom,,,,,,,
265,Mission: Impossible - The Final Reckoning,197413515,2025,0,,,7.2,220900.0,169.0,"Action,Adventure,Thriller",5.0,PG-13,,,,,,,,
266,Indiana Jones and the Last Crusade,197171806,1989,0,,,8.2,860213.0,127.0,"Action,Adventure",5.0,PG-13,Paramount Pictures | Netflix | United International Pictures | Disney+,,,,,,,
267,Ice Age: Dawn of the Dinosaurs,196573705,2009,0,,,6.9,284244.0,94.0,"Adventure,Animation,Comedy",6.0,PG,20th Century Studios | Netflix | InterCom | Disney+,,,,,,,
268,Godzilla x Kong: The New Empire,196350016,2024,0,,,6.0,133246.0,115.0,"Action,Adventure,Fantasy",3.0,PG-13,Warner Bros. Entertainment,,,,,,,
269,Twilight,195553813,2008,1,wikipedia_raw,Twilight (2008),5.4,523544.0,122.0,"Drama,Fantasy,Romance",11.0,PG-13,Summit Entertainment | Netflix | Disney+,3.93,1493.0,218.0,224.0,0.0,1055.0,100.0
270,Ice Age 2: The Meltdown,195330621,2006,0,,,6.8,316559.0,91.0,"Adventure,Animation,Comedy",3.0,PG,,,,,,,,
271,Mission: Impossible - Rogue Nation,195042377,2015,0,,,7.4,444114.0,131.0,"Action,Adventure,Thriller",7.0,PG-13,,,,,,,,
272,Madagascar,194820396,2005,0,,,6.9,476244.0,86.0,"Adventure,Animation,Comedy",5.0,PG,,,,,,,,
273,Men in Black II,193735288,2002,0,,,6.2,429490.0,88.0,"Action,Adventure,Comedy",7.0,PG-13,Columbia Pictures | Netflix | Sony Pictures Motion Picture Group,,,,,,,
274,Kung Fu Panda 4,193590620,2024,0,,,6.3,79969.0,94.0,"Action,Adventure,Animation",3.0,PG,,,,,,,,
275,Bad Boys: Ride or Die,193573217,2024,0,,,6.5,111824.0,115.0,"Action,Adventure,Comedy",6.0,R,Columbia Pictures | InterCom,,,,,,,
276,22 Jump Street,191719337,2014,0,,,7.0,437181.0,112.0,"Action,Comedy,Crime",6.0,R,Netflix | InterCom,,,,,,,
277,Cars 2,191452396,2011,0,,,6.2,252888.0,106.0,"Adventure,Animation,Comedy",6.0,G,Microsoft Store | Netflix | Fórum Hungary,,,,,,,
278,Teenage Mutant Ninja Turtles,191204754,2014,0,,,5.8,229388.0,101.0,"Action,Adventure,Animation",8.0,PG-13,Paramount Pictures,,,,,,,
279,The Polar Express,191019448,2005,0,,,6.6,270232.0,100.0,"Adventure,Animation,Family",11.0,G,,,,,,,,
280,Sonic the Hedgehog 2,190872904,2022,0,,,6.5,114780.0,122.0,"Action,Adventure,Comedy",3.0,PG,Paramount Pictures,,,,,,,
281,Thunderbolts*,190274328,2025,0,,,7.1,268561.0,127.0,"Action,Adventure,Crime",4.0,PG-13,Fórum Hungary | Walt Disney Studios Motion Pictures,,,,,,,
282,Spider-Man: Into the Spider-Verse,190241310,2018,0,,,8.4,779759.0,117.0,"Action,Adventure,Animation",12.0,PG,iTunes | Sony Pictures,,,,,,,
283,Grease,190071103,1978,0,,,7.2,324480.0,110.0,"Comedy,Musical,Romance",6.0,PG,Paramount Pictures | Netflix,,,,,,,
284,Dunkirk,189740665,2017,0,,,7.8,802187.0,106.0,"Action,Drama,History",7.0,PG-13,Warner Bros. Entertainment | InterCom,,,,,,,
285,F1: The Movie,189642436,2025,0,,,7.6,330042.0,155.0,"Action,Drama,Sport",,,,,,,,,,
286,Wreck-It Ralph,189422889,2012,0,,,7.7,495314.0,101.0,"Adventure,Animation,Comedy",11.0,PG,Microsoft Store | Walt Disney Pictures,,,,,,,
287,A Quiet Place,188024361,2018,0,,,7.5,653511.0,90.0,"Drama,Horror,Sci-Fi",4.0,PG-13,Paramount Pictures | UIP-Dunafilm,,,,,,,
288,Gladiator,187705427,2000,0,,,8.5,1836381.0,155.0,"Action,Adventure,Drama",5.0,R,DreamWorks | UIP-Dunafilm,,,,,,,
289,The Croods,187168425,2013,0,,,7.1,250072.0,98.0,"Adventure,Animation,Comedy",3.0,PG,,,,,,,,
290,John Wick: Chapter 4,187131806,2023,0,,,7.6,407135.0,169.0,"Action,Crime,Thriller",3.0,R,Fórum Hungary | 01 Distribution | Leonine Distribution | Metropolitan Filmexport,,,,,,,
291,Sherlock Holmes: A Game of Shadows,186848418,2011,0,,,7.4,500815.0,129.0,"Action,Adventure,Mystery",11.0,PG-13,Warner Bros. Entertainment | Netflix,,,,,,,
292,The Day After Tomorrow,186740799,2004,0,,,6.5,509594.0,124.0,"Action,Adventure,Sci-Fi",5.0,PG-13,Netflix | InterCom | Disney+,,,,,,,
293,Mr. & Mrs. Smith,186336279,2005,0,,,6.5,589741.0,120.0,"Action,Comedy,Crime",6.0,PG-13,Netflix | Fórum Hungary,,,,,,,
294,Puss in Boots: The Last Wish,186090535,2022,0,,,7.8,221997.0,102.0,"Action,Adventure,Animation",12.0,PG,,,,,,,,
295,Snow White and the Seven Dwarfs,184925486,1937,0,,,7.6,237758.0,83.0,"Adventure,Animation,Family",1.0,G,,,,,,,,
296,Pitch Perfect 2,184296230,2015,0,,,6.4,179538.0,115.0,"Comedy,Music",5.0,PG-13,Universal Pictures | UIP-Dunafilm,,,,,,,
297,The Revenant,184247394,2015,0,,,8.0,943543.0,156.0,"Adventure,Drama,Western",12.0,R,20th Century Studios | Netflix,,,,,,,
298,Dances with Wolves,184208848,1990,1,adaptation_dataset,Dances with Wolves,8.0,308736.0,181.0,"Adventure,Drama,Western",3.0,PG-13,Orion Pictures | Netflix,4.19,250.0,8.0,,1.0,310.0,100.0
299,Sound of Freedom,184178046,2023,0,,,7.6,136402.0,131.0,"Biography,Crime,Drama",7.0,PG-13,"20th Century Studios Home Entertainment | ADS Service | Saje distribution | Angel, Inc.",,,,,,,
300,Batman Forever,184069126,1995,0,,,5.5,281107.0,121.0,"Action,Adventure",6.0,PG-13,Warner Bros. Entertainment | Netflix | InterCom,,,,,,,
301,The Fugitive,183875760,1993,0,,,7.8,344494.0,130.0,"Action,Crime,Drama",8.0,PG-13,Netflix | InterCom,,,,,,,
302,Black Widow,183651655,2021,0,,,6.6,473709.0,134.0,"Action,Adventure,Sci-Fi",7.0,PG-13,Fórum Hungary | Walt Disney Studios Motion Pictures | Disney+,,,,,,,
303,Ocean's Eleven,183417150,2001,0,,,7.7,669743.0,116.0,"Crime,Thriller",12.0,PG-13,Netflix | InterCom,,,,,,,
304,The Simpsons Movie,183135014,2007,0,,,7.3,362578.0,87.0,"Adventure,Animation,Comedy",7.0,PG-13,,,,,,,,
305,What Women Want,182811707,2000,0,,,6.5,238494.0,127.0,"Comedy,Fantasy,Romance",12.0,PG-13,Paramount Pictures | Netflix,,,,,,,
306,The Perfect Storm,182618434,2000,0,,,6.5,187730.0,130.0,"Action,Adventure,Drama",6.0,PG-13,Netflix | InterCom,,,,,,,
307,Lincoln,182207973,2012,0,,,7.3,283923.0,150.0,"Biography,Drama,History",11.0,PG-13,20th Century Studios | Touchstone Pictures | Netflix | InterCom,,,,,,,
308,Liar Liar,181410615,1997,0,,,6.9,360915.0,86.0,"Comedy,Fantasy",3.0,PG-13,Universal Pictures | Netflix,,,,,,,
309,Jurassic Park III,181171875,2001,1,wikipedia_raw,Jurassic Park III (2001),6.0,368360.0,92.0,"Action,Adventure,Sci-Fi",7.0,PG-13,Universal Pictures | Netflix | UIP-Dunafilm | Xfinity Streampix,3.97,1154.0,137.0,448.0,1.0,1176.0,100.0
310,Thor,181030624,2011,0,,,7.0,960522.0,115.0,"Action,Fantasy",4.0,PG-13,Paramount Pictures | Walt Disney Studios Motion Pictures | Disney+,,,,,,,
311,Mission: Impossible,180981856,1996,0,,,7.2,515216.0,110.0,"Action,Adventure,Thriller",5.0,PG-13,iTunes | Paramount Pictures | Netflix | UIP-Dunafilm,,,,,,,
312,Taylor Swift: The Eras Tour,180756269,2023,0,,,8.0,25711.0,169.0,"Documentary,Music,Musical",10.0,PG-13,AMC Theatres | Cinemark | Disney+ | Trafalgar Releasing,,,,,,,
313,Top Gun,180258178,1986,0,,,7.0,547612.0,110.0,"Action,Drama",5.0,PG,Paramount Pictures | Netflix,,,,,,,
314,Ant-Man,180202163,2015,0,,,7.2,775809.0,117.0,"Action,Comedy,Sci-Fi",7.0,PG-13,Fórum Hungary | Walt Disney Studios Motion Pictures | Disney+,,,,,,,
315,Planet of the Apes,180011740,2001,1,wikipedia_raw,Planet of the Apes (2001),5.7,241296.0,120.0,"Action,Adventure,Sci-Fi",7.0,PG-13,Netflix | InterCom | Disney+,3.91,304.0,45.0,128.0,1.0,1124.0,100.0
316,Madagascar: Escape 2 Africa,180010950,2008,0,,,6.7,269082.0,89.0,"Adventure,Animation,Comedy",10.0,PG,,,,,,,,
317,X-Men Origins: Wolverine,179883157,2009,0,,,6.5,565840.0,107.0,"Action,Sci-Fi",4.0,PG-13,Netflix | InterCom | Disney+,,,,,,,
318,Indiana Jones and the Temple of Doom,179870271,1984,0,,,7.5,565557.0,118.0,"Action,Adventure",5.0,PG,Paramount Pictures | Netflix | United International Pictures | Xfinity Streampix | MOKÉP | Disney+,,,,,,,
319,Elf,179757261,2003,0,,,7.1,345616.0,97.0,"Adventure,Comedy,Family",11.0,PG,New Line Cinema | Netflix,,,,,,,
320,Hitch,179495555,2005,0,,,6.6,348194.0,118.0,"Comedy,Romance",2.0,PG-13,Columbia Pictures | Netflix,,,,,,,
321,Men in Black 3,179020854,2012,0,,,6.8,410173.0,106.0,"Action,Adventure,Comedy",5.0,PG-13,Columbia Pictures | Netflix | InterCom | Sony Pictures Motion Picture Group,,,,,,,
322,Pretty Woman,178406268,1990,0,,,7.1,402041.0,119.0,"Comedy,Romance",3.0,R,InterCom | Walt Disney Studios Motion Pictures | Ivi.ru | Xfinity Streampix,,,,,,,
323,The Conjuring: Last Rites,177756445,2025,0,,,6.2,95128.0,135.0,"Horror,Mystery,Thriller",9.0,R,Warner Bros. Entertainment | InterCom | Warner Bros. Pictures,,,,,,,
324,The Matrix,177559005,1999,0,,,8.7,2233022.0,136.0,"Action,Sci-Fi",3.0,R,Warner Bros. Entertainment | Netflix | InterCom | HBO Max,,,,,,,
325,Home,177397510,2015,0,,,6.5,120600.0,94.0,"Adventure,Animation,Comedy",3.0,PG,20th Century Studios | Netflix | InterCom,,,,,,,
326,Night at the Museum: Battle of the Smithsonian,177243721,2009,0,,,6.0,227740.0,105.0,"Adventure,Comedy,Family",5.0,PG,20th Century Studios,,,,,,,
327,Tootsie,177200000,1982,0,,,7.4,121615.0,116.0,"Comedy,Drama,Romance",12.0,PG,Columbia Pictures | Netflix,,,,,,,
328,How to Train Your Dragon 2,177002924,2014,0,,,7.8,399217.0,102.0,"Action,Adventure,Animation",6.0,PG,,,,,,,,
329,Rise of the Planet of the Apes,176760185,2011,1,wikipedia_raw,Rise of the Planet of the Apes (2011),7.6,603560.0,105.0,"Action,Drama,Sci-Fi",8.0,PG-13,Netflix | InterCom | Disney+,3.91,304.0,45.0,128.0,1.0,1124.0,100.0
330,Captain America: The First Avenger,176654505,2011,0,,,6.9,961343.0,124.0,"Action,Adventure,Sci-Fi",7.0,PG-13,Paramount Pictures | Walt Disney Studios Motion Pictures,,,,,,,
331,The Karate Kid,176591618,2010,0,,,6.3,225636.0,140.0,"Action,Drama,Family",6.0,PG,Netflix | InterCom,,,,,,,
332,There's Something About Mary,176484651,1998,0,,,7.1,347084.0,119.0,"Comedy,Romance",7.0,R,20th Century Studios | Netflix | Disney+,,,,,,,
333,Ice Age,176387405,2002,0,,,7.5,561383.0,81.0,"Adventure,Animation,Comedy",3.0,PG,,,,,,,,
334,The Bourne Supremacy,176241941,2004,1,wikipedia_raw,The Bourne Supremacy (2004),7.7,511146.0,108.0,"Action,Mystery,Thriller",7.0,PG-13,Universal Pictures | Netflix | UIP-Dunafilm,4.11,182612.0,1511.0,688.0,1.0,146.0,
335,Get Out,176196665,2017,0,,,7.8,809428.0,104.0,"Horror,Mystery,Thriller",2.0,R,iTunes | Universal Pictures,,,,,,,
336,The Lego Batman Movie,175936671,2017,0,,,7.3,191097.0,104.0,"Action,Adventure,Animation",2.0,PG,,,,,,,,
337,Us,175084580,2019,0,,,6.8,388649.0,116.0,"Horror,Mystery,Thriller",3.0,R,Universal Pictures | UIP-Dunafilm,,,,,,,
338,The Boss Baby,175003033,2017,0,,,6.3,156658.0,97.0,"Adventure,Animation,Comedy",3.0,PG,,,,,,,,
339,Crazy Rich Asians,174837452,2018,0,,,6.9,207666.0,120.0,"Comedy,Drama,Romance",8.0,PG-13,Warner Bros. Entertainment | Netflix,,,,,,,
340,Crocodile Dundee,174803506,1986,0,,,6.7,123767.0,97.0,"Adventure,Comedy",9.0,PG-13,Paramount Pictures,,,,,,,
341,Apollo 13,174692658,1995,0,,,7.7,334832.0,140.0,"Adventure,Drama,History",6.0,PG,Netflix | UIP-Dunafilm,,,,,,,
342,Indiana Jones and the Dial of Destiny,174480468,2023,0,,,6.5,231125.0,154.0,"Action,Adventure,Sci-Fi",6.0,PG-13,Fórum Hungary | Walt Disney Studios Motion Pictures | Disney+,,,,,,,
343,The Greatest Showman,174340174,2017,0,,,7.5,344576.0,105.0,"Biography,Drama,Musical",12.0,PG,20th Century Studios | Disney+,,,,,,,
344,Fast & Furious Presents: Hobbs & Shaw,173956935,2019,0,,,6.4,255649.0,137.0,"Action,Adventure,Thriller",7.0,PG-13,,,,,,,,
345,Home Alone 2: Lost in New York,173585516,1992,0,,,6.9,453383.0,120.0,"Adventure,Comedy,Crime",11.0,PG,Netflix | InterCom | Disney+,,,,,,,
346,National Treasure,173008894,2004,0,,,6.9,375368.0,131.0,"Action,Adventure,Mystery",11.0,PG,Netflix | InterCom | Disney+,,,,,,,
347,F9: The Fast Saga,173005945,2021,0,,,5.2,178815.0,143.0,"Action,Crime,Thriller",,,,,,,,,,
348,Air Force One,172956409,1997,0,,,6.5,222958.0,124.0,"Action,Crime,Drama",7.0,R,Netflix | InterCom,,,,,,,
349,Rain Man,172825435,1988,0,,,8.0,582188.0,133.0,Drama,12.0,R,Metro-Goldwyn-Mayer | United Artists | Netflix,,,,,,,
350,Mission: Impossible - Dead Reckoning Part One,172640980,2023,0,,,7.6,324409.0,163.0,"Action,Adventure,Thriller",7.0,PG-13,,,,,,,,
351,Pirates of the Caribbean: Dead Men Tell No Tales,172558876,2017,0,,,6.5,382398.0,129.0,"Action,Adventure,Fantasy",5.0,PG-13,,,,,,,,
352,Gladiator II,172438016,2024,0,,,6.5,291093.0,148.0,"Action,Adventure,Drama",11.0,R,Paramount Pictures | DreamWorks,,,,,,,
353,Tron: Legacy,172062763,2010,0,,,6.8,386032.0,125.0,"Action,Adventure,Sci-Fi",12.0,PG,Netflix | Fórum Hungary | Disney+,,,,,,,
354,Mary Poppins Returns,171958438,2018,1,wikipedia_raw,Mary Poppins Returns (2018),6.6,100505.0,130.0,"Adventure,Comedy,Family",12.0,PG,Walt Disney Studios Motion Pictures | Disney+,4.05,1293.0,72.0,232.0,1.0,532.0,100.0
355,True Grit,171243005,2010,1,wikipedia_raw,True Grit (2010),7.6,375142.0,110.0,"Drama,Western",12.0,PG-13,iTunes | Netflix | UIP-Dunafilm,4.13,766.0,51.0,228.0,0.0,579.0,100.0
356,Kingdom of the Planet of the Apes,171130165,2024,1,adaptation_dataset,Kingdom of the Planet of the Apes,6.8,167071.0,145.0,"Action,Adventure,Drama",5.0,PG-13,20th Century Studios | Fórum Hungary,3.91,75.0,16.0,245.0,1.0,1034.0,100.0
357,Tarzan,171091819,1999,1,wikipedia_raw,Tarzan (1999),7.3,267383.0,88.0,"Adventure,Animation,Comedy",6.0,G,,3.92,2.0,1.0,,1.0,382.0,100.0
358,John Wick: Chapter 3 - Parabellum,171015687,2019,0,,,7.4,476899.0,130.0,"Action,Crime,Drama",5.0,R,,,,,,,,
359,A Beautiful Mind,170742341,2001,0,,,8.2,1049083.0,135.0,"Biography,Drama,Mystery",12.0,PG-13,iTunes | Netflix | UIP-Dunafilm,,,,,,,
360,Chicago,170687518,2002,0,,,7.2,255624.0,113.0,"Comedy,Crime,Musical",12.0,PG-13,Miramax | Netflix | UIP-Dunafilm,,,,,,,
361,The Help,169708112,2011,1,wikipedia_raw,The Help (2011),8.1,526325.0,146.0,Drama,8.0,PG-13,Netflix | Walt Disney Studios Motion Pictures | Disney+,4.45,1565302.0,71318.0,444.0,0.0,1733.0,100.0
362,Hotel Transylvania 2,169700110,2015,0,,,6.6,160659.0,89.0,"Adventure,Animation,Comedy",9.0,PG,,,,,,,,
363,Hidden Figures,169607287,2016,0,,,7.8,286499.0,127.0,"Biography,Drama,History",12.0,PG,iTunes | 20th Century Studios,,,,,,,
364,Bridesmaids,169451048,2011,0,,,6.8,324131.0,125.0,Comedy,5.0,R,Universal Pictures | Netflix,,,,,,,
365,Quantum of Solace,168368427,2008,0,,,6.5,495194.0,106.0,"Action,Adventure,Mystery",10.0,PG-13,Columbia Pictures | Netflix,,,,,,,
366,Wild Hogs,168273550,2007,0,,,5.9,127507.0,100.0,"Action,Adventure,Comedy",3.0,PG-13,Netflix | Fórum Hungary,,,,,,,
367,Black Adam,168152111,2022,0,,,6.1,302070.0,125.0,"Action,Adventure,Fantasy",10.0,PG-13,Warner Bros. Entertainment | InterCom | Warner Bros. Pictures,,,,,,,
368,Kong: Skull Island,168052812,2017,0,,,6.7,372532.0,118.0,"Action,Adventure,Fantasy",3.0,PG-13,Warner Bros. Entertainment | Netflix | InterCom,,,,,,,
369,Three Men and a Baby,167780960,1987,0,,,6.1,61341.0,102.0,"Comedy,Drama,Family",11.0,PG,Netflix | Walt Disney Studios Motion Pictures | Disney+,,,,,,,
370,Gone Girl,167767189,2014,0,,,8.1,1161237.0,149.0,"Drama,Mystery,Thriller",10.0,R,Netflix | InterCom | Xfinity Streampix,,,,,,,
371,Hotel Transylvania 3: Summer Vacation,167510016,2018,0,,,6.3,98570.0,97.0,"Adventure,Animation,Comedy",6.0,PG,,,,,,,,
372,Casino Royale,167445960,2006,1,wikipedia_raw,Casino Royale (2006),8.0,740493.0,144.0,"Action,Adventure,Thriller",11.0,PG-13,Netflix | InterCom,3.73,469.0,35.0,196.0,1.0,320.0,100.0
373,The Hunger Games: The Ballad of Songbirds & Snakes,166350594,2023,1,wikipedia_raw,The Hunger Games: The Ballad of Songbirds & Snakes (2023),6.6,180021.0,157.0,"Action,Adventure,Drama",11.0,PG-13,,3.99,1226426.0,139349.0,541.0,1.0,132.0,
374,Meet the Parents,166244045,2000,0,,,7.0,376695.0,108.0,"Comedy,Romance",10.0,PG-13,Universal Pictures | DreamWorks | Netflix,,,,,,,
375,Fifty Shades of Grey,166167230,2015,1,wikipedia_raw,Fifty Shades of Grey (2015),4.2,354759.0,125.0,"Drama,Romance,Thriller",2.0,R,Universal Pictures | Focus Features | Netflix | UIP-Dunafilm,3.66,18.0,1.0,583.0,1.0,1225.0,100.0
376,2012,166112167,2009,0,,,5.9,420027.0,158.0,"Action,Adventure,Sci-Fi",10.0,PG-13,Netflix | InterCom | Sony Pictures Motion Picture Group,,,,,,,
377,Robin Hood: Prince of Thieves,165493908,1991,0,,,6.9,221130.0,143.0,"Action,Adventure,Drama",6.0,PG-13,Netflix | InterCom,,,,,,,
378,Knives Out,165363234,2019,0,,,7.9,870924.0,130.0,"Comedy,Crime,Drama",11.0,PG-13,Netflix | Amazon Prime Video | Xfinity Streampix | Lionsgate Films,,,,,,,
379,Kung Fu Panda 2,165249063,2011,0,,,7.3,354054.0,90.0,"Action,Adventure,Animation",5.0,PG,,,,,,,,
380,Hannibal,165092268,2001,1,adaptation_dataset,Hannibal,6.8,312504.0,131.0,"Crime,Drama,Thriller",2.0,R,InterCom,3.72,1378.0,91.0,546.0,1.0,712.0,100.0
381,Eternals,164870234,2021,0,,,6.2,424205.0,156.0,"Action,Adventure,Fantasy",11.0,PG-13,Fórum Hungary | Walt Disney Studios Motion Pictures | Disney+,,,,,,,
382,Catch Me If You Can,164615351,2002,0,,,8.1,1225090.0,141.0,"Biography,Crime,Drama",12.0,PG-13,DreamWorks | Netflix,,,,,,,
383,The Proposal,163958031,2009,0,,,6.8,394136.0,108.0,"Comedy,Drama,Romance",6.0,PG-13,Netflix | Fórum Hungary | Disney+,,,,,,,
384,The Pursuit of Happyness,163566459,2006,0,,,8.0,616190.0,117.0,"Biography,Drama",12.0,PG-13,Netflix | InterCom,,,,,,,
385,Big Daddy,163479795,1999,0,,,6.5,250584.0,93.0,"Comedy,Drama",6.0,PG-13,Netflix | InterCom,,,,,,,
386,Clash of the Titans,163214888,2010,0,,,5.8,304238.0,106.0,"Action,Adventure,Fantasy",3.0,PG-13,Warner Bros. Entertainment | Netflix | InterCom,,,,,,,
387,The SpongeBob Movie: Sponge Out of Water,162994032,2015,0,,,6.0,67274.0,92.0,"Adventure,Animation,Comedy",1.0,PG,Paramount Pictures | Netflix | UIP-Dunafilm,,,,,,,
388,Batman Returns,162924631,1992,0,,,7.1,348979.0,126.0,"Action,Crime,Fantasy",6.0,PG-13,Warner Bros. Entertainment | Netflix | InterCom,,,,,,,
389,Django Unchained,162805434,2012,0,,,8.5,1869482.0,165.0,"Drama,Western",12.0,R,Netflix | InterCom | The Weinstein Company,,,,,,,
390,A Bug's Life,162798565,1998,0,,,7.2,336188.0,95.0,"Adventure,Animation,Comedy",11.0,G,,,,,,,,
391,Sing 2,162790990,2021,0,,,7.3,100220.0,110.0,"Adventure,Animation,Comedy",12.0,PG,,,,,,,,
392,Jason Bourne,162434410,2016,1,wikipedia_raw,Jason Bourne (2016),6.6,256388.0,123.0,"Action,Thriller",7.0,PG-13,Universal Pictures | UIP-Dunafilm,3.87,3356.0,176.0,420.0,1.0,146.0,
393,Grown Ups,162001186,2010,0,,,6.0,310240.0,102.0,Comedy,6.0,PG-13,Netflix | InterCom | Memento Distribution,,,,,,,
394,The Waterboy,161491646,1998,0,,,6.2,191209.0,90.0,"Comedy,Sport",11.0,PG-13,Netflix | Walt Disney Studios Motion Pictures,,,,,,,
395,Ice Age: Continental Drift,161321843,2012,0,,,6.5,242188.0,88.0,"Adventure,Animation,Comedy",6.0,PG,20th Century Studios | Netflix,,,,,,,
396,Straight Outta Compton,161197785,2015,0,,,7.8,232902.0,147.0,"Biography,Drama,History",8.0,R,Universal Pictures | Netflix,,,,,,,
397,How to Train Your Dragon: The Hidden World,160945505,2019,0,,,7.4,177332.0,104.0,"Action,Adventure,Animation",1.0,PG,,,,,,,,
398,Die Another Day,160942139,2002,0,,,6.1,239631.0,133.0,"Action,Adventure,Thriller",11.0,PG-13,Metro-Goldwyn-Mayer | Netflix,,,,,,,
399,No Time to Die,160891007,2021,0,,,7.3,484260.0,163.0,"Action,Adventure,Thriller",9.0,PG-13,Universal Pictures | HBO Max,,,,,,,
400,The Sound of Music,160888776,1965,0,,,8.1,289773.0,174.0,"Biography,Drama,Family",3.0,G,20th Century Studios | Walt Disney Studios Motion Pictures | Disney+,,,,,,,
401,Shark Tale,160861908,2004,0,,,6.0,211699.0,90.0,"Adventure,Animation,Comedy",9.0,PG,,,,,,,,
402,A Quiet Place Part II,160072261,2021,0,,,7.2,319603.0,97.0,"Drama,Horror,Sci-Fi",5.0,PG-13,,,,,,,,
403,The Heat,159582188,2013,0,,,6.6,187983.0,117.0,"Action,Comedy,Crime",6.0,R,20th Century Studios | Netflix | InterCom,,,,,,,
404,Fantastic Beasts: The Crimes of Grindelwald,159555901,2018,0,,,6.5,330139.0,134.0,"Adventure,Family,Fantasy",11.0,PG-13,Warner Bros. Entertainment | InterCom,,,,,,,
405,Halloween,159342015,2018,0,,,6.5,185949.0,106.0,"Crime,Drama,Horror",10.0,R,Universal Pictures | Netflix | UIP-Dunafilm,,,,,,,
406,1917,159227644,2019,0,,,8.2,764940.0,119.0,"Action,Drama,War",12.0,R,Universal Pictures,,,,,,,
407,The Secret Life of Pets 2,158980250,2019,0,,,6.4,77630.0,86.0,"Adventure,Animation,Comedy",5.0,PG,Universal Pictures,,,,,,,
408,Star Trek Beyond,158848340,2016,0,,,7.0,269245.0,122.0,"Action,Adventure,Sci-Fi",7.0,PG-13,Paramount Pictures | Netflix | UIP-Dunafilm,,,,,,,
409,The Firm,158348367,1993,1,adaptation_dataset,The Firm,6.9,160552.0,154.0,"Drama,Mystery,Thriller",6.0,R,Paramount Pictures | Netflix,3.92,1894.0,144.0,421.0,0.0,538.0,100.0
410,The Longest Yard,158119460,2005,0,,,6.4,210253.0,113.0,"Comedy,Crime,Sport",5.0,PG-13,Paramount Pictures | Columbia Pictures | Netflix | InterCom,,,,,,,
411,Transformers: Rise of the Beasts,157341749,2023,0,,,6.0,130086.0,127.0,"Action,Adventure,Sci-Fi",6.0,PG-13,Paramount Pictures | UIP-Dunafilm,,,,,,,
412,X-Men,157299718,2000,0,,,7.3,688945.0,104.0,"Action,Adventure,Sci-Fi",7.0,PG-13,20th Century Studios | Netflix | InterCom,,,,,,,
413,Hoppers,157122859,2026,0,,,7.7,10167.0,104.0,"Adventure,Animation,Comedy",3.0,PG,,,,,,,,
414,The Mummy,157095368,1999,0,,,7.1,498257.0,124.0,"Action,Adventure,Fantasy",4.0,PG-13,Microsoft Store | Universal Pictures | Netflix,,,,,,,
415,Scary Movie,157019771,2000,0,,,6.3,321689.0,88.0,Comedy,7.0,R,Dimension Films,,,,,,,
416,Fatal Attraction,156645693,1987,0,,,6.9,110615.0,119.0,"Drama,Thriller",9.0,R,Paramount Pictures | Netflix,,,,,,,
417,Who Framed Roger Rabbit,156452370,1988,1,adaptation_dataset,Who Framed Roger Rabbit,7.7,232419.0,104.0,"Adventure,Animation,Comedy",6.0,PG,Walt Disney Studios Motion Pictures | Disney+,3.66,38.0,8.0,147.0,0.0,,83.0
418,Creed III,156248615,2023,0,,,6.7,106248.0,116.0,"Action,Drama,Sport",3.0,PG-13,InterCom | Warner Bros. France,,,,,,,
419,The Sting,156000000,1973,0,,,8.2,299087.0,129.0,"Comedy,Crime,Drama",12.0,PG,Universal Pictures | Netflix,,,,,,,
420,What Lies Beneath,155464351,2000,0,,,6.6,144937.0,130.0,"Drama,Horror,Mystery",7.0,PG-13,Netflix | InterCom | Disney+,,,,,,,
421,X-Men: Apocalypse,155442489,2016,0,,,6.8,490287.0,144.0,"Action,Adventure,Sci-Fi",5.0,PG-13,Netflix | InterCom | Disney+,,,,,,,
422,Snow White and the Huntsman,155332381,2012,0,,,6.1,314110.0,127.0,"Action,Adventure,Drama",5.0,PG-13,Universal Pictures | Netflix | UIP-Dunafilm,,,,,,,
423,San Andreas,155190832,2015,0,,,6.1,274466.0,114.0,"Action,Adventure,Thriller",5.0,PG-13,Warner Bros. Entertainment | Netflix | InterCom,,,,,,,
424,Fast & Furious,155064265,2009,0,,,6.5,333824.0,107.0,"Action,Thriller",4.0,PG-13,Universal Pictures | Netflix | UIP-Dunafilm,,,,,,,
425,Over the Hedge,155019340,2006,0,,,6.7,202066.0,83.0,"Adventure,Animation,Comedy",5.0,PG,,,,,,,,
426,Fantastic Four,154696080,2005,0,,,5.7,372404.0,106.0,"Action,Adventure,Fantasy",6.0,PG-13,20th Century Studios | Netflix,,,,,,,
427,Horton Hears a Who!,154529439,2008,0,,,6.8,158015.0,86.0,"Adventure,Animation,Comedy",3.0,G,,,,,,,,
428,Elemental,154426697,2023,0,,,7.0,162250.0,101.0,"Adventure,Animation,Comedy",6.0,PG,,,,,,,,
429,Mad Max: Fury Road,154280290,2015,0,,,8.1,1200423.0,120.0,"Action,Adventure,Sci-Fi",5.0,R,iTunes | Warner Bros. Entertainment,,,,,,,
430,Trolls,154174089,2016,0,,,6.4,99926.0,92.0,"Adventure,Animation,Comedy",10.0,PG,,,,,,,,
431,Jerry Maguire,153952592,1996,0,,,7.3,309289.0,139.0,"Comedy,Drama,Romance",12.0,R,iTunes | InterCom,,,,,,,
432,Beverly Hills Cop II,153665036,1987,0,,,6.6,147550.0,103.0,"Action,Comedy,Crime",5.0,R,Paramount Pictures | Netflix,,,,,,,
433,Gremlins,153642180,1984,0,,,7.3,273132.0,106.0,"Comedy,Fantasy,Horror",6.0,PG,Warner Bros. Entertainment | Netflix,,,,,,,
434,Scooby-Doo,153322074,2002,0,,,5.4,139656.0,86.0,"Adventure,Comedy,Family",6.0,PG,Warner Bros. Entertainment,,,,,,,
435,Cars 3,152901115,2017,0,,,6.7,148780.0,102.0,"Adventure,Animation,Comedy",6.0,G,Netflix | Walt Disney Studios Motion Pictures | Disney+,,,,,,,
436,Sex and the City,152647258,2008,0,,,5.7,132962.0,145.0,"Comedy,Drama,Romance",5.0,R,Netflix | InterCom,,,,,,,
437,Runaway Bride,152257509,1999,0,,,5.6,110141.0,116.0,"Comedy,Romance",7.0,PG,Paramount Pictures | Walt Disney Studios Motion Pictures | Disney+,,,,,,,
438,Weapons,151572492,2025,0,,,7.4,322230.0,128.0,"Horror,Mystery",8.0,R,InterCom | Warner Bros. Pictures | Warner Bros. France,,,,,,,
439,La La Land,151101803,2016,0,,,8.0,754355.0,128.0,"Comedy,Drama,Music",12.0,PG-13,Summit Entertainment,,,,,,,
440,Elvis,151040048,2022,0,,,7.3,259757.0,159.0,"Biography,Drama,Music",6.0,PG-13,Netflix | InterCom | Warner Bros. Pictures,,,,,,,
441,Divergent,150947895,2014,0,,,6.6,516352.0,139.0,"Action,Adventure,Drama",3.0,PG-13,Starz Entertainment | Netflix,,,,,,,
442,Rambo: First Blood Part II,150415432,1985,1,wikipedia_raw,Rambo: First Blood Part II (1985),6.5,194999.0,96.0,"Action,Adventure,Thriller",5.0,R,Netflix | InterCom,3.97,242.0,10.0,256.0,1.0,497.0,100.0
443,We're the Millers,150394119,2013,0,,,7.0,521564.0,110.0,"Comedy,Crime",8.0,R,Netflix | InterCom,,,,,,,
444,Terminator 3: Rise of the Machines,150371112,2003,0,,,6.3,435695.0,109.0,"Action,Sci-Fi",7.0,R,InterCom,,,,,,,
445,Daddy's Home,150357137,2015,0,,,6.2,138641.0,96.0,"Comedy,Family",12.0,PG-13,Paramount Pictures | Netflix,,,,,,,
446,G.I. Joe: The Rise of Cobra,150201498,2009,0,,,5.7,221023.0,118.0,"Action,Adventure,Sci-Fi",8.0,PG-13,Paramount Pictures | DreamWorks | Netflix | UIP-Dunafilm,,,,,,,
447,Neighbors,150157400,2014,0,,,6.3,344396.0,97.0,Comedy,5.0,R,Netflix | UIP-Dunafilm,,,,,,,
448,American Hustle,150117807,2013,0,,,7.2,517505.0,138.0,"Crime,Drama",12.0,R,Netflix | InterCom,,,,,,,
449,Puss in Boots,149260504,2011,0,,,6.6,209966.0,90.0,"Action,Adventure,Animation",10.0,PG,,,,,,,,
450,Les Misérables,149260140,2012,1,wikipedia_raw,Les Misérables (2011),7.5,361057.0,158.0,"Drama,Musical,Romance",12.0,PG-13,iTunes | Netflix | Melbourne,4.14,3525.0,411.0,,0.0,1470.0,100.0
451,Sonic the Hedgehog,148974665,2020,0,,,6.5,190727.0,99.0,"Action,Adventure,Comedy",2.0,PG,Microsoft Store | Paramount Pictures,,,,,,,
452,Knocked Up,148768917,2007,0,,,6.9,397713.0,129.0,"Comedy,Romance",6.0,R,Netflix | UIP-Dunafilm,,,,,,,
453,Uncharted,148648820,2022,0,,,6.3,296900.0,116.0,"Action,Adventure",2.0,PG-13,Microsoft Store | InterCom,,,,,,,
454,It Ends with Us,148518266,2024,1,adaptation_dataset,It Ends with Us,6.3,98810.0,130.0,"Drama,Romance",8.0,PG-13,,4.43,88278.0,14236.0,,0.0,1214.0,100.0
455,As Good as It Gets,148478011,1997,0,,,7.7,337200.0,139.0,"Comedy,Drama,Romance",12.0,PG-13,TriStar Pictures | Netflix,,,,,,,
456,Little Fockers,148438600,2010,0,,,5.5,125540.0,98.0,"Comedy,Romance",12.0,PG-13,Paramount Pictures | Universal Pictures | Netflix | UIP-Dunafilm,,,,,,,
457,Hotel Transylvania,148426305,2012,0,,,7.0,311347.0,91.0,"Animation,Comedy,Family",9.0,PG,Microsoft Store | Columbia Pictures | Sony Pictures Television | Sony Pictures,,,,,,,
458,Megamind,148415853,2010,0,,,7.3,323551.0,95.0,"Action,Adventure,Animation",10.0,PG,,,,,,,,
459,Talladega Nights: The Ballad of Ricky Bobby,148213377,2006,0,,,6.6,212955.0,108.0,"Comedy,Sport",8.0,PG-13,Columbia Pictures | Netflix,,,,,,,
460,Gran Torino,148095302,2008,0,,,8.1,858513.0,116.0,Drama,12.0,R,Warner Bros. Entertainment | Netflix | InterCom,,,,,,,
461,Lethal Weapon 2,147253986,1989,0,,,7.3,200486.0,114.0,"Action,Crime,Thriller",7.0,R,Netflix | InterCom | Fandango at Home,,,,,,,
462,War for the Planet of the Apes,146880162,2017,1,wikipedia_raw,War for the Planet of the Apes (2017),7.4,325157.0,140.0,"Action,Adventure,Drama",7.0,PG-13,20th Century Studios | Netflix | InterCom,3.91,304.0,45.0,128.0,1.0,1124.0,100.0
463,X-Men: First Class,146408305,2011,0,,,7.7,761591.0,131.0,"Action,Sci-Fi",6.0,PG-13,20th Century Studios | Netflix | Disney+,,,,,,,
464,Paul Blart: Mall Cop,146336178,2009,0,,,5.3,124525.0,91.0,"Action,Comedy,Crime",1.0,PG,Columbia Pictures | Netflix,,,,,,,
465,True Lies,146282411,1994,0,,,7.3,300340.0,141.0,"Action,Comedy,Thriller",7.0,R,Netflix | InterCom,,,,,,,
466,Fast X,146126015,2023,0,,,5.7,144528.0,141.0,"Action,Adventure,Crime",5.0,PG-13,Universal Pictures | UIP-Dunafilm | United International Pictures,,,,,,,
467,Lilo & Stitch,145794338,2002,0,,,7.4,242263.0,85.0,"Adventure,Animation,Comedy",6.0,PG,,,,,,,,
468,The Santa Clause,145539357,1994,0,,,6.6,147279.0,97.0,"Comedy,Drama,Family",11.0,PG,Netflix | Walt Disney Studios Motion Pictures | Disney+,,,,,,,
469,The Meg,145522784,2018,0,,,5.7,226584.0,113.0,"Action,Adventure,Horror",8.0,PG-13,Warner Bros. Entertainment | Netflix | InterCom,,,,,,,
470,American Pie 2,145103595,2001,0,,,6.5,285813.0,108.0,Comedy,8.0,R,Netflix | UIP-Dunafilm,,,,,,,
471,Taken,145000989,2009,0,,,7.7,669406.0,90.0,"Action,Crime,Thriller",2.0,PG-13,20th Century Studios | EuropaCorp | Disney+,,,,,,,
472,One Hundred and One Dalmatians,144880014,1961,1,wikipedia_raw,One Hundred and One Dalmatians (1961),7.3,195567.0,79.0,"Adventure,Animation,Comedy",1.0,G,,4.11,214.0,36.0,199.0,1.0,320.0,100.0
473,The Great Gatsby,144857996,2013,1,wikipedia_raw,The Great Gatsby (2013),7.2,639590.0,143.0,"Drama,Romance",5.0,PG-13,Netflix | InterCom,3.89,4318.0,93.0,120.0,0.0,955.0,100.0
474,I Robot,144801023,2004,0,,,7.1,612191.0,115.0,"Action,Mystery,Sci-Fi",7.0,PG-13,,,,,,,,
475,The Fast and the Furious,144745925,2001,0,,,6.8,454559.0,106.0,"Action,Crime,Thriller",6.0,PG-13,Universal Pictures | Netflix | UIP-Dunafilm,,,,,,,
476,Lethal Weapon 3,144731527,1992,0,,,6.7,187874.0,118.0,"Action,Crime,Thriller",5.0,R,Netflix | InterCom,,,,,,,
477,Mamma Mia!,144330569,2008,0,,,6.5,302786.0,108.0,"Comedy,Musical,Romance",7.0,PG-13,Netflix | UIP-Dunafilm,,,,,,,
478,Pokémon: Detective Pikachu,144174568,2019,0,,,6.5,195569.0,104.0,"Adventure,Comedy,Family",5.0,PG,,,,,,,,
479,Doctor Dolittle,144156605,1998,0,,,5.4,107418.0,85.0,"Comedy,Family,Fantasy",6.0,PG-13,,,,,,,,
480,The Wild Robot,143901945,2024,0,,,8.2,217032.0,102.0,"Adventure,Animation,Family",9.0,PG,,,,,,,,
481,Rio,143619809,2011,0,,,6.9,271213.0,96.0,"Adventure,Animation,Comedy",4.0,G,,,,,,,,
482,Kung Fu Panda 3,143528619,2016,0,,,7.1,215862.0,95.0,"Action,Adventure,Animation",1.0,PG,,,,,,,,
483,Juno,143495265,2007,0,,,7.4,570931.0,96.0,"Comedy,Drama",12.0,PG-13,Netflix | Searchlight Pictures | Disney+,,,,,,,
484,Marley & Me,143153751,2008,0,,,7.0,175171.0,115.0,"Drama,Family",12.0,PG,20th Century Studios | Netflix | InterCom,,,,,,,
485,The Smurfs,142614158,2011,0,,,5.4,103906.0,103.0,"Adventure,Animation,Comedy",7.0,PG,Netflix | InterCom,,,,,,,
486,Once Upon a Time... in Hollywood,142502728,2019,0,,,7.6,954424.0,161.0,"Comedy,Drama",7.0,R,,,,,,,,
487,xXx,142109382,2002,0,,,5.9,193222.0,124.0,"Action,Adventure,Drama",8.0,PG-13,Columbia Pictures | Netflix | Xfinity Streampix,,,,,,,
488,The Jungle Book,141843612,1967,1,wikipedia_raw,The Jungle Book (1967),7.6,212188.0,78.0,"Adventure,Animation,Comedy",10.0,G,,4.01,109.0,7.0,,0.0,933.0,100.0
489,The Chronicles of Narnia: Prince Caspian,141621490,2008,1,wikipedia_raw,The Chronicles of Narnia: Prince Caspian (2008),6.5,238481.0,150.0,"Action,Adventure,Family",5.0,PG,Netflix | Fórum Hungary | Disney+ | Walt Disney Studios Sony Pictures Releasing,3.96,973.0,76.0,223.0,1.0,501.0,100.0
490,National Lampoon's Animal House,141600000,1978,0,,,7.4,135694.0,109.0,Comedy,,,,,,,,,,
491,Pocahontas,141579773,1995,0,,,6.7,216544.0,81.0,"Adventure,Animation,Drama",6.0,G,GoodTimes Entertainment,,,,,,,
492,A Few Good Men,141340178,1992,0,,,7.7,314986.0,138.0,"Drama,Thriller",12.0,R,InterCom,,,,,,,
493,Slumdog Millionaire,141319928,2008,0,,,8.0,907874.0,120.0,"Crime,Drama,Romance",11.0,R,Pathé,,,,,,,
494,Rush Hour,141186864,1998,0,,,7.1,326222.0,98.0,"Action,Comedy,Crime",9.0,PG-13,New Line Cinema | Netflix | Amazon Prime Video,,,,,,,
495,The Blair Witch Project,140539099,1999,0,,,6.5,314467.0,81.0,"Horror,Mystery",7.0,R,Netflix | Artisan Entertainment,,,,,,,
496,Shazam!,140480049,2019,0,,,7.0,411525.0,132.0,"Action,Adventure,Comedy",3.0,PG-13,Warner Bros. Entertainment | Netflix | InterCom,,,,,,,
497,Deep Impact,140464664,1998,0,,,6.3,204418.0,120.0,"Action,Drama,Sci-Fi",5.0,PG-13,Paramount Pictures | DreamWorks | Netflix,,,,,,,
498,Ocean's Eight,140295726,2018,0,,,6.3,260087.0,110.0,"Comedy,Crime,Thriller",6.0,PG-13,,,,,,,,
499,Rush Hour 3,140125968,2007,0,,,6.3,198325.0,91.0,"Action,Comedy,Crime",8.0,PG-13,Netflix | InterCom,,,,,,,
500,Look Who's Talking,140088813,1989,0,,,6.0,90752.0,93.0,"Comedy,Romance",10.0,PG-13,Netflix | InterCom,,,,,,,
