"primaryTitle","startYear","domestic_gross","averageRating","numVotes","runtimeMinutes","genres","is_book"
"Avengers: Endgame",2019,857190335,8.4,1440267,"181","Action,Adventure,Sci-Fi",0
"Avatar",2009,760507625,7.9,1494409,"162","Action,Adventure,Fantasy",0
"Black Panther",2018,700059566,7.3,907124,"134","Action,Adventure,Sci-Fi",0
"Avengers: Infinity War",2018,678815482,8.4,1366392,"149","Action,Adventure,Sci-Fi",0
"Titanic",1997,659363944,8,1388954,"194","Drama,Romance",0
"Jurassic World",2015,652270625,6.9,727985,"124","Action,Adventure,Sci-Fi",0
"Incredibles 2",2018,608581744,7.5,369373,"118","Action,Adventure,Animation",0
"The Dark Knight",2008,535234033,9.1,3158311,"152","Action,Crime,Drama",0
"Rogue One: A Star Wars Story",2016,532177324,7.8,753625,"133","Action,Adventure,Sci-Fi",0
"Finding Dory",2016,486295561,7.2,333112,"97","Adventure,Animation,Comedy",0
"Star Wars: Episode I - The Phantom Menace",1999,474544677,6.5,924086,"136","Action,Adventure,Fantasy",0
"Avengers: Age of Ultron",2015,459005868,7.3,998036,"141","Action,Adventure,Sci-Fi",0
"The Dark Knight Rises",2012,448139099,8.4,1988496,"164","Action,Crime,Drama",0
"Shrek 2",2004,441226247,7.4,554001,"93","Adventure,Animation,Comedy",0
"Captain Marvel",2019,426829839,6.7,657108,"123","Action,Adventure,Sci-Fi",0
"The Hunger Games: Catching Fire",2013,424668047,7.5,771912,"146","Action,Adventure,Sci-Fi",1
"Pirates of the Caribbean: Dead Man's Chest",2006,423315812,7.4,824232,"151","Action,Adventure,Fantasy",0
"The Lion King",1994,422783777,8.5,1255325,"88","Adventure,Animation,Drama",0
"Jurassic World: Fallen Kingdom",2018,417719760,6.1,380446,"128","Action,Adventure,Sci-Fi",0
"Toy Story 3",2010,415004880,8.3,967419,"103","Adventure,Animation,Comedy",0
"Wonder Woman",2017,412563408,7.3,734600,"141","Action,Adventure,Fantasy",0
"Iron Man 3",2013,409013994,7.1,963499,"130","Action,Adventure,Sci-Fi",0
"Captain America: Civil War",2016,408084349,7.8,924752,"147","Action,Sci-Fi",0
"The Hunger Games",2012,408010692,7.2,1078886,"142","Action,Adventure,Sci-Fi",1
"Toy Story 4",2019,404979743,7.6,313371,"100","Adventure,Animation,Comedy",0
"Jumanji: Welcome to the Jungle",2017,404564861,6.9,501288,"119","Action,Adventure,Comedy",0
"Spider-Man",2002,403706375,7.4,965574,"121","Action,Adventure,Sci-Fi",0
"Jurassic Park",1993,402828120,8.2,1174069,"127","Action,Adventure,Sci-Fi",1
"Transformers: Revenge of the Fallen",2009,402111870,6,453452,"149","Action,Adventure,Sci-Fi",0
"Frozen",2013,400738009,7.4,711689,"102","Adventure,Animation,Comedy",0
"Guardians of the Galaxy Vol. 2",2017,389813101,7.6,826865,"136","Action,Adventure,Comedy",0
"Finding Nemo",2003,380843261,8.2,1204659,"100","Adventure,Animation,Comedy",0
"Star Wars: Episode III - Revenge of the Sith",2005,380270577,7.7,918988,"140","Action,Adventure,Fantasy",0
"The Lord of the Rings: The Return of the King",2003,377845905,9,2159154,"201","Adventure,Drama,Fantasy",0
"Spider-Man 2",2004,373585825,7.5,782476,"127","Action,Adventure,Sci-Fi",0
"The Passion of the Christ",2004,370782930,7.3,273576,"127","Drama",0
"The Secret Life of Pets",2016,368384330,6.5,235317,"86","Adventure,Animation,Comedy",0
"Despicable Me 2",2013,368061265,7.3,458587,"98","Adventure,Animation,Comedy",0
"Deadpool",2016,363070709,8,1250677,"108","Action,Comedy,Sci-Fi",0
"Inside Out",2015,356461711,8.1,912068,"95","Adventure,Animation,Comedy",0
"Spider-Man: Far from Home",2019,354788925,7.3,636546,"129","Action,Adventure,Comedy",0
"Furious 7",2015,353007020,7.1,438978,"137","Action,Thriller",0
"Transformers: Dark of the Moon",2011,352390543,6.2,455136,"154","Action,Adventure,Comedy",0
"American Sniper",2014,350126372,7.3,568384,"133","Action,Biography,Drama",0
"The Lord of the Rings: The Two Towers",2002,342551365,8.8,1951800,"179","Adventure,Drama,Fantasy",0
"Zootopia",2016,341268248,8,633375,"108","Action,Adventure,Animation",0
"The Hunger Games: Mockingjay - Part 1",2014,337135885,6.6,544868,"123","Action,Adventure,Sci-Fi",0
"Spider-Man 3",2007,336530303,6.3,698373,"139","Action,Adventure,Sci-Fi",0
"Minions",2015,336045770,6.4,283723,"91","Adventure,Animation,Comedy",0
"Aquaman",2018,335061807,6.8,552274,"143","Action,Adventure,Fantasy",0
"Spider-Man: Homecoming",2017,334201140,7.4,794625,"133","Action,Adventure,Sci-Fi",0
"Guardians of the Galaxy",2014,333176600,8,1360687,"121","Action,Adventure,Comedy",0
"Forrest Gump",1994,330455270,8.8,2489317,"142","Drama,Romance",0
"Batman v Superman: Dawn of Justice",2016,330360194,6.4,790413,"151","Action,Adventure,Sci-Fi",0
"It",2017,327481748,7.3,693780,"135","Horror",0
"Suicide Squad",2016,325100054,5.9,758424,"123","Action,Adventure,Fantasy",0
"Deadpool 2",2018,324591735,7.6,742571,"119","Action,Adventure,Comedy",0
"Shrek the Third",2007,322719944,6.1,359820,"93","Adventure,Animation,Comedy",0
"Transformers",2007,319246193,7.1,717173,"144","Action,Adventure,Sci-Fi",0
"Iron Man",2008,318412101,7.9,1221376,"126","Action,Adventure,Sci-Fi",0
"Harry Potter and the Sorcerer's Stone",2001,317871467,7.7,949849,"152","Adventure,Family,Fantasy",1
"Indiana Jones and the Kingdom of the Crystal Skull",2008,317101119,6.2,513173,"122","Action,Adventure",0
"The Lord of the Rings: The Fellowship of the Ring",2001,315544750,8.9,2201011,"178","Adventure,Drama,Fantasy",0
"Thor: Ragnarok",2017,315058289,7.9,892377,"130","Action,Adventure,Comedy",0
"Iron Man 2",2010,312433331,6.9,935302,"124","Action,Sci-Fi",0
"Star Wars: Episode II - Attack of the Clones",2002,310676740,6.6,818364,"142","Action,Adventure,Fantasy",0
"Pirates of the Caribbean: At World's End",2007,309420425,7.2,742494,"169","Action,Adventure,Fantasy",0
"Independence Day",1996,306169268,7,645735,"145","Action,Adventure,Sci-Fi",0
"Pirates of the Caribbean: The Curse of the Black Pearl",2003,305413918,8.1,1321450,"143","Action,Adventure,Fantasy",0
"Skyfall",2012,304360277,7.8,771471,"143","Action,Adventure,Thriller",0
"The Hobbit: An Unexpected Journey",2012,303003568,7.8,926093,"169","Adventure,Fantasy",0
"Harry Potter and the Half-Blood Prince",2009,302089278,7.6,658348,"153","Action,Adventure,Family",0
"The Twilight Saga: Eclipse",2010,300531751,5.1,281049,"124","Action,Adventure,Drama",0
"The Twilight Saga: New Moon",2009,296623634,4.8,321607,"130","Adventure,Drama,Fantasy",0
"The Sixth Sense",1999,293506292,8.2,1141740,"107","Drama,Mystery,Thriller",0
"Up",2009,293004164,8.3,1232509,"96","Adventure,Animation,Comedy",0
"Inception",2010,292576195,8.8,2807875,"148","Action,Adventure,Sci-Fi",0
"Harry Potter and the Order of the Phoenix",2007,292137260,7.5,698293,"138","Action,Adventure,Family",0
"The Chronicles of Narnia: The Lion, the Witch and the Wardrobe",2005,291710957,6.9,457173,"143","Adventure,Family,Fantasy",0
"Man of Steel",2013,291045518,7.1,865340,"143","Action,Adventure,Sci-Fi",0
"Harry Potter and the Goblet of Fire",2005,290201752,7.7,751048,"157","Adventure,Family,Fantasy",0
"Monsters, Inc.",2001,289916256,8.1,1072282,"92","Adventure,Animation,Comedy",0
"Home Alone",1990,285761243,7.8,742536,"103","Comedy,Family",0
"The Hunger Games: Mockingjay - Part 2",2015,281723902,6.6,412870,"137","Action,Adventure,Sci-Fi",0
"The Matrix Reloaded",2003,281576461,7.2,669238,"138","Action,Sci-Fi",0
"Meet the Fockers",2004,279261160,6.4,301811,"115","Comedy,Romance",0
"The Hangover",2009,277322503,7.7,927211,"100","Comedy",0
"Gravity",2013,274092705,7.7,898722,"91","Drama,Sci-Fi,Thriller",0
"Sing",2016,270395425,7.1,212087,"108","Animation,Comedy,Family",0
"Monsters University",2013,268492764,7.2,423717,"104","Adventure,Animation,Comedy",0
"Shrek",2001,267665011,7.9,808522,"90","Adventure,Animation,Comedy",0
"Despicable Me 3",2017,264624300,6.3,180247,"89","Adventure,Animation,Comedy",0
"Harry Potter and the Chamber of Secrets",2002,262233983,7.5,764591,"161","Adventure,Family,Fantasy",0
"The Amazing Spider-Man",2012,262030663,6.9,763160,"136","Action,Sci-Fi",0
"The Incredibles",2004,261441092,8,898119,"115","Action,Adventure,Animation",0
"How the Grinch Stole Christmas",2000,260044825,6.4,332690,"104","Comedy,Family,Fantasy",0
"Jaws",1975,2.6e+08,8.1,735346,"124","Adventure,Drama,Horror",0
"Captain America: The Winter Soldier",2014,259766572,7.7,969473,"136","Action,Adventure,Sci-Fi",0
"The Hobbit: The Desolation of Smaug",2013,258366855,7.8,752367,"161","Adventure,Fantasy",0
"Star Trek",2009,257730019,7.9,637817,"127","Action,Adventure,Sci-Fi",0
"I Am Legend",2007,256393010,7.2,875247,"101","Drama,Horror,Sci-Fi",0
"The Blind Side",2009,255959475,7.6,386104,"129","Biography,Drama,Sport",0
"The Hobbit: The Battle of the Five Armies",2014,255119788,7.4,616554,"144","Adventure,Fantasy",0
"The Hangover Part II",2011,254464305,6.5,576469,"102","Comedy",0
"Despicable Me",2010,251513985,7.6,631184,"95","Adventure,Animation,Comedy",0
"Batman",1989,251348343,7.5,431529,"126","Action,Adventure",0
"Night at the Museum",2006,250863268,6.5,408875,"108","Adventure,Comedy,Family",0
"Men in Black",1997,250690539,7.3,662530,"98","Action,Adventure,Comedy",0
"Harry Potter and the Prisoner of Azkaban",2004,249759843,7.9,765422,"142","Adventure,Family,Fantasy",0
"Moana",2016,248757044,7.6,439378,"107","Adventure,Animation,Comedy",0
"Raiders of the Lost Ark",1981,248159971,8.4,1108226,"115","Action,Adventure",0
"Toy Story 2",1999,245852179,7.9,668360,"92","Adventure,Animation,Comedy",0
"Transformers: Age of Extinction",2014,245439076,5.6,349147,"165","Action,Adventure,Comedy",0
"Cars",2006,244082982,7.3,533606,"116","Adventure,Animation,Comedy",0
"Bruce Almighty",2003,242829261,6.8,469075,"101","Comedy,Fantasy",0
"Ghostbusters",1984,242212467,7.8,486374,"105","Action,Comedy,Fantasy",0
"Twister",1996,241721524,6.6,251562,"113","Action,Adventure,Thriller",0
"My Big Fat Greek Wedding",2002,241438208,6.6,151106,"95","Comedy,Drama,Romance",0
"Maleficent",2014,241410378,6.9,423633,"97","Adventure,Drama,Family",0
"Pirates of the Caribbean: On Stranger Tides",2011,241071802,6.6,605954,"136","Action,Adventure,Fantasy",0
"Shrek Forever After",2010,238736787,6.3,245140,"93","Adventure,Animation,Comedy",0
"Fast & Furious 6",2013,238679850,7,439290,"130","Action,Thriller",0
"Brave",2012,237283207,7.1,478002,"93","Action,Adventure,Animation",0
"Beverly Hills Cop",1984,234760478,7.4,231897,"105","Action,Comedy,Crime",0
"X-Men: The Last Stand",2006,234362462,6.6,571426,"104","Action,Adventure,Sci-Fi",0
"War of the Worlds",2005,234280354,6.6,506172,"117","Action,Adventure,Sci-Fi",0
"X-Men: Days of Future Past",2014,233921534,7.9,786795,"132","Action,Adventure,Sci-Fi",0
"Cast Away",2000,233632142,7.8,688212,"143","Adventure,Drama,Romance",0
"The Exorcist",1973,232906145,8.1,497709,"122","Horror",0
"Doctor Strange",2016,232641920,7.5,877294,"115","Action,Adventure,Fantasy",0
"The Lost World: Jurassic Park",1997,229086679,6.6,477335,"129","Action,Adventure,Sci-Fi",0
"Justice League",2017,229024295,6,504050,"120","Action,Adventure,Fantasy",0
"Star Trek Into Darkness",2013,228778661,7.7,510007,"132","Action,Adventure,Sci-Fi",0
"The Martian",2015,228433663,8,1008717,"144","Adventure,Drama,Sci-Fi",1
"Signs",2002,227966634,6.8,413549,"106","Drama,Mystery,Sci-Fi",0
"Hancock",2008,227946274,6.4,538467,"92","Action,Comedy,Drama",0
"The Bourne Ultimatum",2007,227471070,8,683250,"115","Action,Mystery,Thriller",0
"Rush Hour 2",2001,226164286,6.7,259866,"90","Action,Comedy,Crime",0
"The Fate of the Furious",2017,226008385,6.6,273757,"136","Action,Crime,Thriller",0
"Big Hero 6",2014,222527828,7.8,551787,"102","Action,Adventure,Animation",0
"Mission: Impossible - Fallout",2018,220159104,7.7,418953,"147","Action,Adventure,Thriller",0
"National Treasure: Book of Secrets",2007,219964115,6.5,266729,"124","Action,Adventure,Mystery",0
"Alvin and the Chipmunks: The Squeakquel",2009,219614612,4.6,60786,"88","Adventure,Animation,Comedy",0
"Mrs. Doubtfire",1993,219195243,7.1,315244,"125","Comedy,Drama,Family",0
"Beauty and the Beast",1991,218967620,8,504668,"84","Animation,Family,Fantasy",0
"Ted",2012,218815487,6.9,708654,"106","Comedy",0
"King Kong",2005,218080025,7.2,469982,"187","Action,Adventure,Romance",0
"Ghost",1990,217631306,7.1,256119,"126","Drama,Fantasy,Romance",0
"How to Train Your Dragon",2010,217581231,8.1,891291,"98","Action,Adventure,Animation",0
"The Da Vinci Code",2006,217536138,6.7,485280,"149","Mystery,Thriller",1
"Aladdin",1992,217350219,8,499616,"90","Adventure,Animation,Comedy",0
"Alvin and the Chipmunks",2007,217326974,5.3,105115,"92","Adventure,Animation,Comedy",0
"Saving Private Ryan",1998,217049603,8.6,1634155,"169","Drama,War",0
"Ant-Man and the Wasp",2018,216648740,7,493772,"118","Action,Adventure,Comedy",0
"Bohemian Rhapsody",2018,216428042,7.9,643529,"134","Biography,Drama,Music",0
"Madagascar 3: Europe's Most Wanted",2012,216391482,6.8,216862,"93","Adventure,Animation,Comedy",0
"Kung Fu Panda",2008,215434591,7.6,578074,"92","Action,Adventure,Animation",0
"Mission: Impossible II",2000,215409889,6.1,413352,"123","Action,Adventure,Thriller",0
"X2: X-Men United",2003,214949694,7.4,610859,"134","Action,Sci-Fi,Thriller",0
"Solo: A Star Wars Story",2018,213767512,6.9,408112,"135","Action,Adventure,Sci-Fi",0
"Austin Powers in Goldmember",2002,213307889,6.3,234390,"94","Action,Adventure,Comedy",0
"Back to the Future",1985,210609762,8.5,1448765,"116","Adventure,Comedy,Sci-Fi",0
"Fast Five",2011,209837675,7.3,432613,"130","Action,Crime,Thriller",0
"Coco",2017,209726015,8.4,703768,"105","Adventure,Animation,Drama",0
"Coco",2017,209726015,7.3,50,"98","Horror",0
"Mission: Impossible - Ghost Protocol",2011,209397903,7.4,564423,"132","Action,Adventure,Thriller",0
"Wedding Crashers",2005,209255921,7,397469,"119","Comedy,Romance",0
"Sherlock Holmes",2009,209028679,7.5,705760,"128","Action,Adventure,Mystery",0
"Dawn of the Planet of the Apes",2014,208545589,7.6,510669,"130","Action,Adventure,Drama",0
"Batman Begins",2005,206852432,8.2,1709218,"140","Action,Crime,Drama",0
"Charlie and the Chocolate Factory",2005,206459076,6.7,570126,"115","Adventure,Comedy,Family",0
"Ratatouille",2007,206445654,8.1,940218,"111","Adventure,Animation,Comedy",0
"Thor: The Dark World",2013,206362140,6.7,775992,"112","Action,Adventure,Fantasy",0
"Austin Powers: The Spy Who Shagged Me",1999,206040086,6.7,262284,"95","Action,Adventure,Comedy",0
"Terminator 2: Judgment Day",1991,205881154,8.6,1281060,"137","Action,Adventure,Sci-Fi",0
"The Amazing Spider-Man 2",2014,202853933,6.6,588617,"142","Action,Adventure,Sci-Fi",0
"World War Z",2013,202359711,7,781179,"116","Action,Adventure,Horror",0
"The Mummy Returns",2001,202019785,6.4,366976,"130","Action,Adventure,Fantasy",0
"Armageddon",1998,201578182,6.7,478550,"151","Action,Adventure,Sci-Fi",0
"Ralph Breaks the Internet",2018,201091711,7,204973,"112","Adventure,Animation,Comedy",0
"Gone with the Wind",1939,200852579,8.2,356040,"238","Drama,Romance,War",0
"Tangled",2010,200821936,7.7,543686,"100","Adventure,Animation,Comedy",0
"Superman Returns",2006,200081192,6.1,302746,"154","Action,Adventure,Sci-Fi",0
"Spectre",2015,200074609,6.8,495459,"148","Action,Adventure,Thriller",0
"Pearl Harbor",2001,198542554,6.3,369062,"183","Action,Drama,Romance",0
"Happy Feet",2006,198000317,6.4,213411,"108","Adventure,Animation,Comedy",0
"Indiana Jones and the Last Crusade",1989,197171806,8.2,862290,"127","Action,Adventure",0
"Ice Age: Dawn of the Dinosaurs",2009,196573705,6.9,285269,"94","Adventure,Animation,Comedy",0
"Ice Age: The Meltdown",2006,195330621,6.8,317571,"91","Adventure,Animation,Comedy",0
"Mission: Impossible - Rogue Nation",2015,195042377,7.4,445245,"131","Action,Adventure,Thriller",0
"Madagascar",2005,193595521,6.9,478758,"86","Adventure,Animation,Comedy",0
"Twilight",2008,192769854,5.4,525487,"122","Drama,Fantasy,Romance",0
"Toy Story",1995,191796233,8.3,1170779,"81","Adventure,Animation,Comedy",0
"22 Jump Street",2014,191719337,7,438768,"112","Action,Comedy,Crime",0
"Cars 2",2011,191452396,6.2,254960,"106","Adventure,Animation,Comedy",0
"Men in Black II",2002,190418803,6.2,430798,"88","Action,Adventure,Comedy",0
"Grease",1978,189969103,7.2,325401,"110","Comedy,Musical,Romance",0
"Dunkirk",2017,189740665,7.8,805267,"106","Action,Drama,History",0
"Wreck-It Ralph",2012,189422889,7.7,497482,"101","Adventure,Animation,Comedy",0
"A Quiet Place",2018,188024361,7.5,656528,"90","Drama,Horror,Sci-Fi",0
"Interstellar",2014,188020017,8.7,2515085,"169","Adventure,Drama,Sci-Fi",0
"Gladiator",2000,187705427,8.5,1843962,"155","Action,Adventure,Drama",0
"The Polar Express",2004,187224490,6.6,270838,"100","Adventure,Animation,Family",0
"The Croods",2013,187168425,7.1,250955,"98","Adventure,Animation,Comedy",0
"Sherlock Holmes: A Game of Shadows",2011,186848418,7.4,501704,"129","Action,Adventure,Mystery",0
"The Day After Tomorrow",2004,186740799,6.5,511004,"124","Action,Adventure,Sci-Fi",0
"Mr. & Mrs. Smith",2005,186336279,6.5,592040,"120","Action,Comedy,Crime",0
"Snow White and the Seven Dwarfs",1937,184925486,7.6,238496,"83","Adventure,Animation,Family",0
"Pitch Perfect 2",2015,184296230,6.4,180110,"115","Comedy,Music",0
"Dances with Wolves",1990,184208848,8,309716,"181","Adventure,Drama,Western",0
"Batman Forever",1995,184069126,5.5,281671,"121","Action,Adventure",0
"The Fugitive",1993,183875760,7.8,345737,"130","Action,Crime,Drama",0
"The Revenant",2015,183637894,8,947557,"156","Action,Drama,Western",0
"Ocean's Eleven",2001,183417150,7.7,672028,"116","Crime,Thriller",0
"The Simpsons Movie",2007,183135014,7.3,363078,"87","Adventure,Animation,Comedy",0
"What Women Want",2000,182811707,6.5,239167,"127","Comedy,Fantasy,Romance",0
"The Perfect Storm",2000,182618434,6.5,188112,"130","Action,Adventure,Drama",0
"Lincoln",2012,182207973,7.3,284369,"150","Biography,Drama,History",0
"Liar Liar",1997,181410615,6.9,362093,"86","Comedy,Fantasy",0
"Jurassic Park III",2001,181171875,6,369753,"92","Action,Adventure,Sci-Fi",0
"Thor",2011,181030624,7,963747,"115","Action,Fantasy",0
"Mission: Impossible",1996,180981856,7.2,516664,"110","Action,Adventure,Thriller",0
"Ant-Man",2015,180202163,7.2,778461,"117","Action,Comedy,Sci-Fi",0
"Madagascar: Escape 2 Africa",2008,180010950,6.7,270249,"89","Adventure,Animation,Comedy",0
"X-Men Origins: Wolverine",2009,179883157,6.5,566950,"107","Action,Sci-Fi",0
"Indiana Jones and the Temple of Doom",1984,179870271,7.5,567014,"118","Action,Adventure",0
"Top Gun",1986,179800601,7,550003,"110","Action,Drama",0
"Hitch",2005,179495555,6.6,348852,"118","Comedy,Romance",0
"Pretty Woman",1990,178406268,7.1,403830,"119","Comedy,Romance",0
"Night at the Museum: Battle of the Smithsonian",2009,177243721,6,228525,"105","Adventure,Comedy,Family",0
"Tootsie",1982,177200000,7.4,121988,"116","Comedy,Drama,Romance",0
"How to Train Your Dragon 2",2014,177002924,7.8,400793,"102","Action,Adventure,Animation",0
"Rise of the Planet of the Apes",2011,176760185,7.6,604729,"105","Action,Drama,Sci-Fi",0
"Captain America: The First Avenger",2011,176654505,6.9,965087,"124","Action,Adventure,Sci-Fi",0
"The Karate Kid",2010,176591618,6.3,226473,"140","Action,Drama,Family",0
"There's Something About Mary",1998,176484651,7.1,348012,"119","Comedy,Romance",0
"Ice Age",2002,176387405,7.5,563375,"81","Adventure,Animation,Comedy",0
"The Bourne Supremacy",2004,176241941,7.7,512208,"108","Action,Mystery,Thriller",0
"Get Out",2017,176040665,7.8,814088,"104","Horror,Mystery,Thriller",0
"Us",2019,175005930,6.8,390673,"116","Horror,Mystery,Thriller",0
"The Boss Baby",2017,175003033,6.3,157613,"97","Adventure,Animation,Comedy",0
"Crocodile Dundee",1986,174803506,6.7,124058,"97","Adventure,Comedy",0
"Crazy Rich Asians",2018,174532921,6.9,208367,"120","Comedy,Drama,Romance",0
"The Greatest Showman",2017,174340174,7.5,346203,"105","Biography,Drama,Musical",0
"Elf",2003,173840591,7.1,346332,"97","Adventure,Comedy,Family",0
"Apollo 13",1995,173837933,7.7,336586,"140","Adventure,Drama,History",0
"Apollo 13",1995,173837933,7.9,76,"49","Documentary",0
"Home Alone 2: Lost in New York",1992,173585516,6.9,454935,"120","Adventure,Comedy,Crime",0
"National Treasure",2004,173008894,6.9,376311,"131","Action,Adventure,Mystery",0
"Air Force One",1997,172956409,6.5,223497,"124","Action,Crime,Drama",0
"Rain Man",1988,172825435,8,584472,"133","Drama",0
"Pirates of the Caribbean: Dead Men Tell No Tales",2017,172558876,6.5,384009,"129","Action,Adventure,Fantasy",0
"Mary Poppins Returns",2018,171958438,6.6,100743,"130","Adventure,Comedy,Family",0
"The Matrix",1999,171479930,8.7,2241038,"136","Action,Sci-Fi",0
"True Grit",2010,171243005,7.6,375857,"110","Drama,Western",0
"Tarzan",1999,171091819,7.3,268261,"88","Adventure,Animation,Comedy",0
"A Beautiful Mind",2001,170742341,8.2,1051652,"135","Biography,Drama,Mystery",0
"Chicago",2002,170687518,7.2,256177,"113","Comedy,Crime,Musical",0
"John Wick: Chapter 3 - Parabellum",2019,169935857,7.4,479084,"130","Action,Crime,Drama",0
"The Help",2011,169708112,8.1,527544,"146","Drama",0
"Hotel Transylvania 2",2015,169700110,6.6,161664,"89","Adventure,Animation,Comedy",0
"Hidden Figures",2016,169607287,7.8,288127,"127","Biography,Drama,History",0
"Bridesmaids",2011,169106725,6.8,324902,"125","Comedy",0
"Quantum of Solace",2008,168368427,6.5,496658,"106","Action,Adventure,Mystery",0
"Wild Hogs",2007,168273550,5.9,127705,"100","Action,Adventure,Comedy",0
"Kong: Skull Island",2017,168052812,6.7,373872,"118","Action,Adventure,Fantasy",0
"Three Men and a Baby",1987,167780960,6.1,61492,"102","Comedy,Drama,Family",0
"Gone Girl",2014,167767189,8.1,1165662,"149","Drama,Mystery,Thriller",0
"Hotel Transylvania 3: Summer Vacation",2018,167510016,6.3,99241,"97","Adventure,Animation,Comedy",0
"Casino Royale",2006,167445960,8,742984,"144","Action,Adventure,Thriller",0
"Meet the Parents",2000,166244045,7,377562,"108","Comedy,Romance",0
"Fifty Shades of Grey",2015,166167230,4.2,355721,"125","Drama,Romance,Thriller",0
"2012",2009,166112167,5.9,421257,"158","Action,Adventure,Sci-Fi",0
"Robin Hood: Prince of Thieves",1991,165493908,6.9,221673,"143","Action,Adventure,Drama",0
"Kung Fu Panda 2",2011,165249063,7.3,355972,"90","Action,Adventure,Animation",0
"Hannibal",2001,165092268,6.8,313255,"131","Crime,Drama,Thriller",0
"Catch Me If You Can",2002,164615351,8.1,1232882,"141","Biography,Crime,Drama",0
"The Proposal",2009,163958031,6.8,395792,"108","Comedy,Drama,Romance",0
"The Pursuit of Happyness",2006,163566459,8,619312,"117","Biography,Drama",0
"Big Daddy",1999,163479795,6.5,251338,"93","Comedy,Drama",0
"The SpongeBob Movie: Sponge Out of Water",2015,162994032,6,67519,"92","Adventure,Animation,Comedy",0
"Batman Returns",1992,162902340,7.1,349785,"126","Action,Crime,Fantasy",0
"Django Unchained",2012,162805434,8.5,1877541,"165","Drama,Western",0
"A Bug's Life",1998,162798565,7.2,337381,"95","Adventure,Animation,Comedy",0
"Jason Bourne",2016,162434410,6.6,256982,"123","Action,Thriller",0
"Grown Ups",2010,162001186,6,311869,"102","Comedy",0
"The Waterboy",1998,161491646,6.2,191726,"90","Comedy,Sport",0
"Ice Age: Continental Drift",2012,161321843,6.5,242948,"88","Adventure,Animation,Comedy",0
"Straight Outta Compton",2015,161197785,7.8,233385,"147","Biography,Drama,History",0
"Die Another Day",2002,160942139,6.1,240336,"133","Action,Adventure,Thriller",0
"Shark Tale",2004,160861908,6,212733,"90","Adventure,Animation,Comedy",0
"How to Train Your Dragon: The Hidden World",2019,160799505,7.4,178426,"104","Action,Adventure,Animation",0
"The Heat",2013,159582188,6.6,188307,"117","Action,Comedy,Crime",0
"Fantastic Beasts: The Crimes of Grindelwald",2018,159555901,6.5,331054,"134","Adventure,Family,Fantasy",0
"The Sound of Music",1965,159287539,8.1,290985,"174","Biography,Drama,Family",0
"Star Trek Beyond",2016,158848340,7,269725,"122","Action,Adventure,Sci-Fi",0
"The Firm",1993,158348367,6.9,161029,"154","Drama,Mystery,Thriller",0
"The Longest Yard",2005,158119460,6.4,210852,"113","Comedy,Crime,Sport",0
"X-Men",2000,157299717,7.3,690562,"104","Action,Adventure,Sci-Fi",0
"Scary Movie",2000,157019771,6.3,324804,"88","Comedy",0
"Fatal Attraction",1987,156645693,6.9,111085,"119","Drama,Thriller",0
"Who Framed Roger Rabbit",1988,156452370,7.7,233120,"104","Adventure,Animation,Comedy",0
"The Sting",1973,1.56e+08,8.2,299934,"129","Comedy,Crime,Drama",0
"What Lies Beneath",2000,155464351,6.6,145331,"130","Drama,Horror,Mystery",0
"X-Men: Apocalypse",2016,155442489,6.8,491420,"144","Action,Adventure,Sci-Fi",0
"The Mummy",1999,155385488,7.1,500174,"124","Action,Adventure,Fantasy",0
"Snow White and the Huntsman",2012,155332381,6.1,314633,"127","Action,Adventure,Drama",0
"San Andreas",2015,155190832,6.1,275207,"114","Action,Adventure,Thriller",0
"Over the Hedge",2006,155019340,6.7,202789,"83","Adventure,Animation,Comedy",0
"The Secret Life of Pets 2",2019,154899025,6.4,78177,"86","Adventure,Animation,Comedy",0
"Mad Max: Fury Road",2015,154058340,8.1,1203760,"120","Action,Adventure,Sci-Fi",0
"Jerry Maguire",1996,153952592,7.3,310618,"139","Comedy,Drama,Romance",0
"Trolls",2016,153707064,6.4,100390,"92","Adventure,Animation,Comedy",0
"Beverly Hills Cop II",1987,153665036,6.6,148067,"103","Action,Comedy,Crime",0
"Scooby-Doo",2002,153294164,5.4,140425,"86","Adventure,Comedy,Family",0
"Gremlins",1984,153083102,7.3,273868,"106","Comedy,Fantasy,Horror",0
"Cars 3",2017,152901115,6.7,150330,"102","Adventure,Animation,Comedy",0
"Sex and the City",2008,152647258,5.7,133168,"145","Comedy,Drama,Romance",0
"Runaway Bride",1999,152257509,5.6,110411,"116","Comedy,Romance",0
"La La Land",2016,151101803,8,759653,"128","Comedy,Drama,Music",0
"Divergent",2014,150947895,6.6,517551,"139","Action,Adventure,Drama",0
"Rambo: First Blood Part II",1985,150415432,6.5,195580,"96","Action,Adventure,Thriller",0
"We're the Millers",2013,150394119,7,523378,"110","Comedy,Crime",0
"Terminator 3: Rise of the Machines",2003,150371112,6.3,436575,"109","Action,Sci-Fi",0
"Daddy's Home",2015,150357137,6.2,139028,"96","Comedy,Family",0
"G.I. Joe: The Rise of Cobra",2009,150201498,5.7,221318,"118","Action,Adventure,Sci-Fi",0
"Neighbors",2014,150157400,6.3,345016,"97","Comedy",0
"American Hustle",2013,150117807,7.2,518320,"138","Crime,Drama",0
"Puss in Boots",2011,149260504,6.6,210809,"90","Action,Adventure,Animation",0
"Knocked Up",2007,148768917,6.9,398220,"129","Comedy,Romance",0
"As Good as It Gets",1997,148478011,7.7,338195,"139","Comedy,Drama,Romance",0
"Little Fockers",2010,148438600,5.5,125798,"98","Comedy,Romance",0
"Megamind",2010,148415853,7.3,324854,"95","Action,Adventure,Animation",0
"Hotel Transylvania",2012,148313048,7,312905,"91","Animation,Comedy,Family",0
"Talladega Nights: The Ballad of Ricky Bobby",2006,148213377,6.6,213558,"108","Comedy,Sport",0
"Gran Torino",2008,148095302,8.1,860535,"116","Drama",0
"Lethal Weapon 2",1989,147253986,7.3,201000,"114","Action,Crime,Thriller",0
"War for the Planet of the Apes",2017,146880162,7.4,326109,"140","Action,Adventure,Drama",0
"X-Men: First Class",2011,146408305,7.7,762950,"131","Action,Sci-Fi",0
"Paul Blart: Mall Cop",2009,146336178,5.3,124930,"91","Action,Comedy,Crime",0
"True Lies",1994,146282411,7.3,301250,"141","Action,Comedy,Thriller",0
"Lilo & Stitch",2002,145794338,7.4,243208,"85","Adventure,Animation,Comedy",0
"The Meg",2018,145443742,5.7,227483,"113","Action,Adventure,Horror",0
"American Pie 2",2001,145103595,6.5,286497,"108","Comedy",0
"The Santa Clause",1994,144833357,6.6,147481,"97","Comedy,Drama,Family",0
"I, Robot",2004,144801023,7.1,613662,"115","Action,Mystery,Sci-Fi",0
"Lethal Weapon 3",1992,144731527,6.7,188301,"118","Action,Crime,Thriller",0
"The Fast and the Furious",2001,144533925,6.8,456278,"106","Action,Crime,Thriller",0
"Mamma Mia!",2008,144169664,6.5,304239,"108","Comedy,Musical,Romance",0
"Doctor Dolittle",1998,144156605,5.4,107640,"85","Comedy,Family,Fantasy",0
"Rio",2011,143619809,6.9,272590,"96","Adventure,Animation,Comedy",0
"Kung Fu Panda 3",2016,143528619,7.1,217344,"95","Action,Adventure,Animation",0
"Juno",2007,143495265,7.4,571862,"96","Comedy,Drama",0
"The Smurfs",2011,142614158,5.4,104290,"103","Adventure,Animation,Comedy",0
"The Jungle Book",1967,141843612,7.6,212902,"78","Adventure,Animation,Comedy",0
"The Chronicles of Narnia: Prince Caspian",2008,141621490,6.5,239060,"150","Action,Adventure,Family",0
"National Lampoon's Animal House",1978,141600000,7.4,135917,"109","Comedy",0
"Pocahontas",1995,141579773,6.7,217228,"81","Adventure,Animation,Drama",0
"Pocahontas",1995,141579773,2.2,95,"63","Animation",0
"A Few Good Men",1992,141340178,7.7,316329,"138","Drama,Thriller",0
"Slumdog Millionaire",2008,141319928,8,909283,"120","Crime,Drama,Romance",0
"Rush Hour",1998,141186864,7.1,327958,"98","Action,Comedy,Crime",0
"The Blair Witch Project",1999,140539099,6.5,315963,"81","Horror,Mystery",0
"Deep Impact",1998,140464664,6.3,204938,"120","Action,Drama,Sci-Fi",0
"Shazam!",2019,140371656,7,412620,"132","Action,Adventure,Comedy",0
"Rush Hour 3",2007,140125968,6.3,199054,"91","Action,Comedy,Crime",0
"Look Who's Talking",1989,140088813,6,90948,"93","Comedy,Romance",0
"Stuart Little",1999,140035367,6,160118,"84","Adventure,Comedy,Family",0
"Taken 2",2012,139854287,6.2,336586,"92","Action,Crime,Thriller",0
"Sister Act",1992,139605150,6.6,118201,"100","Comedy,Family,Music",0
"The Matrix Revolutions",2003,139313948,6.7,574256,"129","Action,Sci-Fi",0
"The Santa Clause 2",2002,139236327,5.8,69724,"104","Comedy,Family,Fantasy",0
"The King's Speech",2010,138797449,8,732266,"118","Biography,Drama,History",0
"Cheaper by the Dozen",2003,138614544,5.9,116428,"98","Comedy,Family",0
"Bad Boys II",2003,138608444,6.6,287945,"147","Action,Comedy,Crime",0
"Platoon",1986,138530565,8.1,471927,"120","Drama,War",0
"21 Jump Street",2012,138447667,7.2,644702,"109","Action,Comedy,Crime",0
"Good Will Hunting",1997,138433435,8.4,1212423,"126","Drama,Romance",0
"Dinosaur",2000,137748063,6.4,72738,"82","Adventure,Animation,Drama",0
"Ready Player One",2018,137690172,7.4,540397,"140","Action,Adventure,Sci-Fi",1
"The Conjuring",2013,137400141,7.5,620431,"112","Horror,Mystery,Thriller",0
"Click",2006,137355633,6.4,386475,"107","Comedy,Drama,Fantasy",0
"The Green Mile",1999,136801374,8.6,1557154,"189","Crime,Drama,Fantasy",0
"Ransom",1996,136492681,6.7,143926,"121","Action,Crime,Drama",0
"Godzilla",1998,136314294,5.5,212960,"139","Action,Sci-Fi,Thriller",0
"Argo",2012,136025503,7.7,665648,"120","Biography,Drama,History",0
"Anger Management",2003,135645823,6.3,241710,"106","Comedy",0
"Chicken Little",2005,135386665,5.7,108952,"81","Adventure,Animation,Comedy",0
"Teenage Mutant Ninja Turtles",1990,135265915,6.8,112377,"93","Action,Adventure,Comedy",0
"Close Encounters of the Third Kind",1977,135189114,7.6,232683,"138","Drama,Sci-Fi",0
"Patch Adams",1998,135026902,6.9,129782,"115","Biography,Comedy,Drama",0
"The Godfather",1972,134966411,9.2,2220339,"175","Crime,Drama",0
"Ride Along",2014,134938200,6.1,129300,"99","Action,Comedy,Crime",0
"The Incredible Hulk",2008,134806913,6.6,563351,"112","Action,Adventure,Sci-Fi",0
"Live Free or Die Hard",2007,134529403,7.1,435499,"128","Action,Thriller",0
"Wanted",2008,134508551,6.7,428034,"110","Action,Crime,Thriller",0
"Identity Thief",2013,134506920,5.7,148622,"111","Comedy,Crime,Drama",0
"Superman",1978,134451603,7.4,207286,"143","Action,Adventure,Sci-Fi",0
"The Rock",1996,134069511,7.4,379595,"136","Action,Adventure,Thriller",0
"Mission: Impossible III",2006,134029801,6.9,424247,"126","Action,Adventure,Thriller",0
"Grown Ups 2",2013,133668525,5.4,190450,"101","Comedy",0
"Troy",2004,133378256,7.3,614160,"163","Action,Adventure,Drama",0
"Angels & Demons",2009,133375846,6.7,325477,"138","Mystery,Thriller",0
"Alvin and the Chipmunks: Chipwrecked",2011,133110742,4.4,44581,"87","Adventure,Animation,Comedy",0
"Bringing Down the House",2003,132716677,5.6,41190,"105","Comedy",0
"The Wolverine",2013,132556852,6.7,523102,"126","Action,Sci-Fi",0
"Wonder",2017,132422809,7.9,196275,"113","Drama,Family",0
"The Departed",2006,132384315,8.5,1550208,"151","Crime,Drama,Thriller",0
"Hulk",2003,132177234,5.7,292268,"138","Action,Sci-Fi",0
"Silver Linings Playbook",2012,132092958,7.7,772587,"122","Comedy,Drama,Romance",0
"Minority Report",2002,132072926,7.6,620250,"145","Action,Crime,Mystery",0
"Fantastic Four: Rise of the Silver Surfer",2007,131921738,5.6,298632,"92","Action,Adventure,Fantasy",0
"Fantastic Four: Rise of the Silver Surfer",2007,131921738,6,7,"\N","\N",0
"The Last Airbender",2010,131772187,3.9,181009,"103","Action,Adventure,Family",0
"Rio 2",2014,131538435,6.3,111090,"101","Adventure,Animation,Comedy",0
"Lara Croft: Tomb Raider",2001,131168070,5.8,230500,"100","Action,Adventure,Fantasy",0
"The Silence of the Lambs",1991,130742922,8.6,1718071,"118","Crime,Drama,Horror",0
"Honey, I Shrunk the Kids",1989,130724172,6.4,176839,"93","Adventure,Comedy,Family",0
"The Flintstones",1994,130531208,5.1,91895,"91","Comedy,Family,Fantasy",0
"Lethal Weapon 4",1998,130444603,6.6,180405,"127","Action,Crime,Thriller",0
"Get Smart",2008,130319208,6.5,237411,"110","Action,Adventure,Comedy",0
"The Divergent Series: Insurgent",2015,130179072,6.2,271000,"119","Action,Adventure,Romance",0
"The Peanuts Movie",2015,130178411,7,53365,"88","Adventure,Animation,Comedy",0
"Transformers: The Last Knight",2017,130168683,5.2,185621,"154","Action,Adventure,Comedy",0
"American Gangster",2007,130164645,7.8,485128,"157","Biography,Crime,Drama",0
"American Beauty",1999,130096601,8.3,1277974,"122","Drama",0
"An Officer and a Gentleman",1982,129795554,7.1,67325,"124","Drama,Romance",0
"The Ring",2002,129128133,7.1,401572,"115","Horror,Mystery",0
"Robots",2005,128200012,6.4,174579,"91","Adventure,Animation,Comedy",0
"Coming to America",1988,128152301,7.1,239688,"117","Comedy,Romance",0
"Crouching Tiger, Hidden Dragon",2000,128078872,7.9,294077,"120","Action,Adventure,Drama",0
"Shutter Island",2010,128012934,8.2,1640347,"138","Drama,Mystery,Thriller",0
"Into the Woods",2014,128002372,5.9,153576,"125","Adventure,Comedy,Drama",0
"Rocky IV",1985,127873716,6.9,244472,"91","Drama,Sport",0
"Enchanted",2007,127807262,7.1,229231,"107","Adventure,Animation,Comedy",0
"The Curious Case of Benjamin Button",2008,127509326,7.8,743666,"166","Drama,Fantasy,Romance",0
"Central Intelligence",2016,127440871,6.3,238094,"107","Action,Comedy,Crime",0
"Anchorman 2: The Legend Continues",2013,127352707,6.3,201808,"119","Comedy",0
"Sweet Home Alabama",2002,127223418,6.2,134436,"108","Comedy,Romance",0
"Bumblebee",2018,127195589,6.7,207655,"114","Action,Adventure,Sci-Fi",0
"Dumb and Dumber",1994,127175374,7.3,443054,"107","Comedy",0
"2 Fast 2 Furious",2003,127154901,6,323402,"107","Action,Crime,Thriller",0
"My Best Friend's Wedding",1997,127120029,6.4,166399,"105","Comedy,Drama,Romance",0
"Super 8",2011,127004179,7,380448,"112","Action,Sci-Fi,Thriller",0
"The World Is Not Enough",1999,126943684,6.4,220326,"128","Action,Adventure,Thriller",0
"Sleepless in Seattle",1993,126808165,6.8,206843,"105","Comedy,Drama,Romance",0
"Smokey and the Bandit",1977,126737428,7,62380,"96","Action,Adventure,Comedy",0
